rosbagTimestamp,header,seq,stamp,secs,nsecs,frame_id,pose,position,x,y,z,orientation,x,y,z,w
1501822123046319007,,173,,1501822123,46319007,"""map""",,,1294.55867163,-1777.53529577,-5.59789985711,,0.00501248618401,0.0148418596723,0.586084771047,0.810098287451
1501822123096323013,,598,,1501822123,96323013,"""map""",,,1294.55773509,-1777.53246191,-5.59781852882,,0.00499645157339,0.0148586668129,0.586102109845,0.810085533958
1501822123146317958,,1004,,1501822123,146317958,"""map""",,,1294.55693575,-1777.52936769,-5.59784110611,,0.00498656303846,0.0148521377894,0.586112679352,0.810078067408
1501822123196330070,,1245,,1501822123,196330070,"""map""",,,1294.55655061,-1777.52630271,-5.59798120587,,0.00497981693821,0.0148260664521,0.586101618742,0.810086589005
1501822123251327991,,1632,,1501822123,251327991,"""map""",,,1294.55578947,-1777.52218808,-5.59818770994,,0.00497226068828,0.0147958886662,0.586093241116,0.810093248349
1501822123296344995,,2035,,1501822123,296344995,"""map""",,,1294.55523622,-1777.5185151,-5.59833495909,,0.00499417554713,0.0147939324094,0.586092096704,0.810093977237
1501822123351334095,,2470,,1501822123,351334095,"""map""",,,1294.55500513,-1777.51393012,-5.59844392612,,0.00501183047381,0.0148274280582,0.586099465757,0.810087924347
1501822123401329994,,2910,,1501822123,401329994,"""map""",,,1294.55461919,-1777.50890055,-5.59849340158,,0.00502863870989,0.0148675366657,0.586107513596,0.810081262376
1501822123446346044,,3247,,1501822123,446346044,"""map""",,,1294.55477974,-1777.50429742,-5.59856275386,,0.00504680845908,0.0149158604146,0.586102629316,0.810083794888
1501822123501351118,,3695,,1501822123,501351118,"""map""",,,1294.55474053,-1777.49755689,-5.59870852725,,0.00507320378098,0.0149335390221,0.586095077171,0.810088768304
1501822123551359891,,4118,,1501822123,551359891,"""map""",,,1294.55525235,-1777.49120218,-5.5989083593,,0.0050630858755,0.0149321619801,0.586083744228,0.810097056193
1501822123601402997,,4445,,1501822123,601402997,"""map""",,,1294.55572733,-1777.48380527,-5.59915573467,,0.00503993880311,0.0149142235574,0.586087094046,0.810095107469
1501822123651346921,,4883,,1501822123,651346921,"""map""",,,1294.55638561,-1777.47573476,-5.59947074338,,0.00503512603398,0.0148951954355,0.586100819355,0.810085557339
1501822123701350927,,5319,,1501822123,701350927,"""map""",,,1294.55753804,-1777.46732074,-5.599805159,,0.00502387969778,0.0148641365916,0.586107069085,0.81008167591
1501822123751353025,,5750,,1501822123,751353025,"""map""",,,1294.55849242,-1777.45772035,-5.60015275163,,0.00500546828196,0.014831444515,0.58610083656,0.810086898378
1501822123801362037,,6171,,1501822123,801362037,"""map""",,,1294.56008266,-1777.44787685,-5.60054673205,,0.00502382619826,0.014807884591,0.58609318538,0.810092751341
1501822123851373910,,6512,,1501822123,851373910,"""map""",,,1294.56156683,-1777.43673126,-5.60100307718,,0.00504900360596,0.0147912469241,0.586095754878,0.810091039755
1501822123901367902,,6939,,1501822123,901367902,"""map""",,,1294.56331999,-1777.42475329,-5.60152230795,,0.0050699663634,0.0147612428945,0.586106627432,0.81008358978
1501822123951363086,,7370,,1501822123,951363086,"""map""",,,1294.56572527,-1777.41244341,-5.60215256996,,0.00509453244984,0.0147103012288,0.586106395722,0.810084529954
1501822124001374959,,7801,,1501822124,1374959,"""map""",,,1294.56800953,-1777.398744,-5.60283939961,,0.00513110637518,0.0146491416465,0.586103674024,0.810087376579
1501822124051366090,,8236,,1501822124,51366090,"""map""",,,1294.57095799,-1777.38467535,-5.60357983908,,0.00515221813611,0.0145799291309,0.586093797244,0.810095637038
1501822124101388931,,8660,,1501822124,101388931,"""map""",,,1294.57383873,-1777.36908428,-5.60434530177,,0.00516313675165,0.0144897521179,0.586087863625,0.810101478344
1501822124151381969,,9097,,1501822124,151381969,"""map""",,,1294.57706603,-1777.35252967,-5.60518026024,,0.00517701356383,0.0143809407093,0.5860875502,0.810103555464
1501822124201384067,,9405,,1501822124,201384067,"""map""",,,1294.5810145,-1777.33542036,-5.60607651638,,0.00519249955621,0.0142432023464,0.5860870537,0.81010624897
1501822124251394987,,9820,,1501822124,251394987,"""map""",,,1294.58489357,-1777.31669854,-5.60696002567,,0.00521049174984,0.0141047284852,0.58608968955,0.810106649283
1501822124301400899,,10226,,1501822124,301400899,"""map""",,,1294.58953292,-1777.29730671,-5.6078294018,,0.00523834837144,0.0140005770812,0.586075988284,0.810118188602
1501822124351414918,,10649,,1501822124,351414918,"""map""",,,1294.59406736,-1777.27621307,-5.60867727015,,0.00526294595956,0.0138942853423,0.586067117546,0.810126276555
1501822124386399984,,11048,,1501822124,386399984,"""map""",,,1294.59747771,-1777.26070902,-5.60926242042,,0.00527986119577,0.0138283342463,0.586053967184,0.810136808067
1501822124451400995,,11299,,1501822124,451400995,"""map""",,,1294.60481569,-1777.23075386,-5.61027149171,,0.00535798172231,0.0137392521817,0.586037162659,0.810149966959
1501822124496413946,,11709,,1501822124,496413946,"""map""",,,1294.60998098,-1777.20820551,-5.6108356563,,0.00543686261032,0.0137274332198,0.586023208909,0.810159735313
1501822124551424026,,12088,,1501822124,551424026,"""map""",,,1294.61720918,-1777.17932215,-5.61126682786,,0.00551948404122,0.0137770001405,0.586000205705,0.810174973988
1501822124601408958,,12514,,1501822124,601408958,"""map""",,,1294.62383274,-1777.15079829,-5.61154385989,,0.0055556630703,0.013828071973,0.585985739322,0.810184319982
1501822124636411905,,12843,,1501822124,636411905,"""map""",,,1294.62889534,-1777.12981905,-5.61175797904,,0.00562193723443,0.0138813841946,0.585987918745,0.810181374804
1501822124701416015,,13257,,1501822124,701416015,"""map""",,,1294.63959311,-1777.08931088,-5.61203872421,,0.00576594172345,0.0140098179751,0.58600218616,0.810167832447
1501822124746423959,,13651,,1501822124,746423959,"""map""",,,1294.64726901,-1777.05892525,-5.61199239183,,0.0057318035741,0.0140709597965,0.586021787073,0.810152837182
1501822124801419019,,13935,,1501822124,801419019,"""map""",,,1294.65792813,-1777.02037583,-5.61179255263,,0.00561420363858,0.014148751945,0.586043091173,0.810136895114
1501822124851418972,,14369,,1501822124,851418972,"""map""",,,1294.66788522,-1776.98252469,-5.61141029222,,0.00549654522017,0.0142342024358,0.586060583998,0.810123550673
1501822124901422023,,14769,,1501822124,901422023,"""map""",,,1294.67838572,-1776.9424991,-5.61070049057,,0.00526662019173,0.0143185323581,0.586061860865,0.810122668231
1501822124951421022,,15022,,1501822124,951421022,"""map""",,,1294.69005538,-1776.90105282,-5.60987172673,,0.00503167822941,0.0144328309636,0.586057787245,0.810125080228
1501822125001425981,,15455,,1501822125,1425981,"""map""",,,1294.70191078,-1776.85680427,-5.60914244389,,0.00480504591922,0.0145336669834,0.586062082343,0.81012154625
1501822125046439886,,15671,,1501822125,46439886,"""map""",,,1294.71358501,-1776.81611362,-5.60867065239,,0.00461914572416,0.0146036091915,0.586077401425,0.810110287325
1501822125101430892,,16081,,1501822125,101430892,"""map""",,,1294.72793359,-1776.76317441,-5.60889570894,,0.00443268590026,0.0146452635782,0.586090467761,0.810101124027
1501822125141437053,,16399,,1501822125,141437053,"""map""",,,1294.73880359,-1776.7231346,-5.60889009706,,0.00432590064937,0.0146711132221,0.586085834509,0.810104585599
1501822125201447010,,16849,,1501822125,201447010,"""map""",,,1294.75620133,-1776.66176082,-5.60920713054,,0.00421394830958,0.0146808589645,0.586065264293,0.81011988064
1501822125251457929,,17292,,1501822125,251457929,"""map""",,,1294.77095659,-1776.60773929,-5.60970462664,,0.00413043538788,0.0146661262652,0.586063104478,0.810122140059
1501822125301438093,,17718,,1501822125,301438093,"""map""",,,1294.78675001,-1776.55281587,-5.61034227583,,0.0040243581887,0.0146258024472,0.586070552697,0.810118014678
1501822125351459026,,18130,,1501822125,351459026,"""map""",,,1294.80278111,-1776.49517363,-5.61105185034,,0.00388266129672,0.0145913238058,0.586103353245,0.81009559777
1501822125401458978,,18545,,1501822125,401458978,"""map""",,,1294.81945557,-1776.43568576,-5.61178952986,,0.00366993929324,0.0144910921345,0.586138147964,0.810073213541
1501822125451481103,,18955,,1501822125,451481103,"""map""",,,1294.83738653,-1776.37449016,-5.61244407721,,0.0037229581671,0.0145386262026,0.586139850488,0.810070888009
1501822125501463890,,19334,,1501822125,501463890,"""map""",,,1294.85486899,-1776.31080799,-5.61316468779,,0.00378901904552,0.0144416919152,0.586072152485,0.810121295209
1501822125551482915,,19728,,1501822125,551482915,"""map""",,,1294.87366309,-1776.24616854,-5.61430802781,,0.00374808952949,0.014199370529,0.586060897236,0.81013391142
1501822125601457118,,20164,,1501822125,601457118,"""map""",,,1294.89302585,-1776.17935323,-5.61568761494,,0.00334094837784,0.0137915082033,0.586158901541,0.810071832932
1501822125651467084,,20526,,1501822125,651467084,"""map""",,,1294.91350487,-1776.11068072,-5.61694830827,,0.00288851938693,0.0133774606262,0.58630641561,0.809973756993
1501822125701474905,,20921,,1501822125,701474905,"""map""",,,1294.93508691,-1776.04048577,-5.61775864258,,0.00241719519573,0.0130603206684,0.58633912838,0.809956796207
1501822125751485109,,21334,,1501822125,751485109,"""map""",,,1294.95596967,-1775.96763597,-5.61807984564,,0.00190552773261,0.0128113716855,0.58627872242,0.810005862545
1501822125801487922,,21758,,1501822125,801487922,"""map""",,,1294.97792768,-1775.89313372,-5.61783670602,,0.00144784416968,0.0127563836274,0.586187464275,0.810073722047
1501822125851489067,,22191,,1501822125,851489067,"""map""",,,1294.99981003,-1775.81621728,-5.61780195134,,0.00119659258122,0.0129450357401,0.586175009446,0.810080151909
1501822125891509056,,22545,,1501822125,891509056,"""map""",,,1295.01771415,-1775.75338847,-5.61753260759,,0.00117523783132,0.0132001128963,0.586212628464,0.810048844246
1501822125951486110,,22977,,1501822125,951486110,"""map""",,,1295.04566095,-1775.65763701,-5.61786876197,,0.00142012397803,0.0135755456413,0.586272623108,0.809998826667
1501822126001492977,,23324,,1501822126,1492977,"""map""",,,1295.06845831,-1775.57564133,-5.61916433273,,0.0018539249592,0.0138316398893,0.586259833216,0.810002874475
1501822126051506996,,23749,,1501822126,51506996,"""map""",,,1295.09235455,-1775.49275128,-5.62152715141,,0.00252937257054,0.0140096772464,0.586192156235,0.810046966037
1501822126101510047,,24178,,1501822126,101510047,"""map""",,,1295.11594154,-1775.40810938,-5.62469657302,,0.00332763343408,0.0141207780607,0.586151647352,0.810071464001
1501822126151499032,,24585,,1501822126,151499032,"""map""",,,1295.14008461,-1775.3221799,-5.62825082492,,0.00408836530707,0.0142110688279,0.586179835271,0.8100460058
1501822126201504945,,25009,,1501822126,201504945,"""map""",,,1295.16542106,-1775.23535478,-5.63182342298,,0.00481271752411,0.0143896843595,0.586204716857,0.810020866811
1501822126251498937,,25436,,1501822126,251498937,"""map""",,,1295.19046076,-1775.14650426,-5.63503753576,,0.00539806400304,0.0145412704516,0.586250802405,0.80998111647
1501822126301507949,,25834,,1501822126,301507949,"""map""",,,1295.21689526,-1775.05651393,-5.6375984812,,0.00570775798635,0.0145779770127,0.586267253934,0.809966425878
1501822126351506948,,26271,,1501822126,351506948,"""map""",,,1295.24319436,-1774.96443559,-5.63946131758,,0.0058331009842,0.0145640389885,0.586258720642,0.809971960115
1501822126401511907,,26690,,1501822126,401511907,"""map""",,,1295.27014709,-1774.87086114,-5.64076091117,,0.00577399376971,0.0144510553311,0.586241299123,0.809987016685
1501822126451524019,,27117,,1501822126,451524019,"""map""",,,1295.29866734,-1774.77643359,-5.64226827304,,0.00555689308241,0.0142164330458,0.586242656935,0.809991704377
1501822126501530885,,27479,,1501822126,501530885,"""map""",,,1295.32681682,-1774.68014154,-5.64378904595,,0.00532486532222,0.0139152230779,0.586282454682,0.809969688142
1501822126546535015,,27895,,1501822126,546535015,"""map""",,,1295.3533771,-1774.59286151,-5.64553439014,,0.00517701596419,0.0136382591385,0.586319179858,0.809948773518
1501822126601527929,,28333,,1501822126,601527929,"""map""",,,1295.38516218,-1774.48389431,-5.64758225417,,0.00505414032882,0.013378544015,0.586380152535,0.809909739995
1501822126651534080,,28648,,1501822126,651534080,"""map""",,,1295.4144173,-1774.38320183,-5.64887874749,,0.00493162245531,0.0133276966724,0.58642984426,0.809875354214
1501822126701555013,,29067,,1501822126,701555013,"""map""",,,1295.44494354,-1774.28148312,-5.64962658192,,0.00483084386084,0.0134965486903,0.586445154944,0.809862078606
1501822126751533031,,29429,,1501822126,751533031,"""map""",,,1295.47480778,-1774.1778242,-5.65010375163,,0.00466259360948,0.0137059802143,0.586462951215,0.809846660288
1501822126801529884,,29840,,1501822126,801529884,"""map""",,,1295.50612189,-1774.07358865,-5.65064962767,,0.00450349867463,0.0138581699226,0.586486442617,0.809827958429
1501822126851543903,,30205,,1501822126,851543903,"""map""",,,1295.53704778,-1773.96728361,-5.65145285265,,0.00439076364836,0.0139685894517,0.58655071094,0.809780132628
1501822126901547908,,30592,,1501822126,901547908,"""map""",,,1295.56926538,-1773.86076688,-5.6530520133,,0.00428942237821,0.0139884063552,0.586606484724,0.809739931967
1501822126951546907,,31011,,1501822126,951546907,"""map""",,,1295.60091774,-1773.75200821,-5.6543887515,,0.00405926257755,0.0139051931641,0.586667663492,0.809698228109
1501822127001548051,,31420,,1501822127,1548051,"""map""",,,1295.6330768,-1773.64207122,-5.65559134772,,0.00376053974004,0.0138579979332,0.586743459873,0.809645556111
1501822127051554918,,31850,,1501822127,51554918,"""map""",,,1295.66673281,-1773.53164563,-5.65608785426,,0.00365308826054,0.0140014938443,0.586794844611,0.809606338571
1501822127101550102,,32255,,1501822127,101550102,"""map""",,,1295.69964819,-1773.41914302,-5.6566371375,,0.00334968601449,0.0141882215411,0.586816957236,0.809588372368
1501822127151565074,,32667,,1501822127,151565074,"""map""",,,1295.73270603,-1773.30539635,-5.65743047515,,0.0029883205393,0.0142253916236,0.586894300464,0.809533068044
1501822127201560974,,33074,,1501822127,201560974,"""map""",,,1295.76708774,-1773.19186293,-5.65869712243,,0.00289903493896,0.0142624758376,0.586947829151,0.809493930326
1501822127251558065,,33406,,1501822127,251558065,"""map""",,,1295.80081695,-1773.07605308,-5.66039037475,,0.0029667753681,0.0143177125931,0.586995166116,0.809458384542
1501822127301574945,,33828,,1501822127,301574945,"""map""",,,1295.83572309,-1772.96007921,-5.6623013979,,0.00303496398616,0.0143135104981,0.586985183191,0.809465445294
1501822127351563930,,34263,,1501822127,351563930,"""map""",,,1295.86980813,-1772.84209936,-5.66476538803,,0.00306744356889,0.0142956873651,0.586995692506,0.809458016881
1501822127401573896,,34645,,1501822127,401573896,"""map""",,,1295.90436895,-1772.72304352,-5.66641750187,,0.00306630347607,0.0144268151817,0.587022633893,0.809436156892
1501822127451594114,,35135,,1501822127,451594114,"""map""",,,1295.94040209,-1772.60400428,-5.66832219851,,0.00319646392135,0.0145463075735,0.587048631372,0.809414660083
1501822127501581907,,35556,,1501822127,501581907,"""map""",,,1295.97540457,-1772.4831082,-5.67084143093,,0.00337539494538,0.0146533492721,0.587064319366,0.809400624531
1501822127551592111,,35931,,1501822127,551592111,"""map""",,,1296.0116151,-1772.3626263,-5.67337907495,,0.00333705346192,0.0147078359703,0.587076901367,0.809390669279
1501822127601588964,,36391,,1501822127,601588964,"""map""",,,1296.04728383,-1772.24017638,-5.67543567147,,0.00311131708439,0.0148014908123,0.587180421258,0.809314764766
1501822127651586055,,36825,,1501822127,651586055,"""map""",,,1296.08482151,-1772.11754093,-5.67684886801,,0.00259050769042,0.0148383916344,0.587289418936,0.809236831718
1501822127696602106,,37171,,1501822127,696602106,"""map""",,,1296.117885,-1772.00563913,-5.67799376424,,0.00180492504659,0.0150666791624,0.587339193364,0.809198621701
1501822127751595973,,37656,,1501822127,751595973,"""map""",,,1296.15855681,-1771.86781785,-5.67995372672,,0.00113008209308,0.0152185158028,0.587418745603,0.809139256869
1501822127801599979,,38041,,1501822127,801599979,"""map""",,,1296.19673999,-1771.74248216,-5.68133156146,,0.000813424921471,0.0153009663276,0.587443658333,0.80911999546
1501822127851617097,,38379,,1501822127,851617097,"""map""",,,1296.2336529,-1771.61526057,-5.68323442443,,0.000821056216599,0.0152499873373,0.587506893567,0.809075035929
1501822127906614065,,38675,,1501822127,906614065,"""map""",,,1296.27578167,-1771.47555661,-5.68581060407,,0.00132681679715,0.0152696413055,0.587588762092,0.809014538976
1501822127941607952,,38976,,1501822127,941607952,"""map""",,,1296.30183266,-1771.38521618,-5.68747074016,,0.00153215338777,0.0151707975455,0.58767071243,0.808956508818
1501822128006614923,,39366,,1501822128,6614923,"""map""",,,1296.35058465,-1771.21596878,-5.69047048427,,0.00183224016331,0.0149449719903,0.587771373203,0.808886953505
1501822128056613922,,39787,,1501822128,56613922,"""map""",,,1296.38990986,-1771.086148,-5.69263461118,,0.00207054458066,0.0149919830075,0.587787500695,0.808873789486
1501822128106631994,,40119,,1501822128,106631994,"""map""",,,1296.42821855,-1770.95357449,-5.69561214976,,0.00215590263836,0.0149704642855,0.587813165336,0.80885531459
1501822128156629085,,40532,,1501822128,156629085,"""map""",,,1296.46819861,-1770.82159188,-5.69794606989,,0.00223311249855,0.0148657826357,0.587830741092,0.808844262848
1501822128201622009,,40903,,1501822128,201622009,"""map""",,,1296.50339018,-1770.70047275,-5.70023211989,,0.00239103769442,0.0147000536013,0.587895676649,0.808799644375
1501822128256637096,,41298,,1501822128,256637096,"""map""",,,1296.54687546,-1770.55115293,-5.7030842461,,0.00282233407862,0.0145779594837,0.588005477871,0.808720641211
1501822128301645040,,41674,,1501822128,301645040,"""map""",,,1296.58370545,-1770.43020257,-5.70524024598,,0.00308678675215,0.0144898446746,0.588061484479,0.808680534341
1501822128351634979,,42055,,1501822128,351634979,"""map""",,,1296.6235751,-1770.29206839,-5.70733751573,,0.0031624360792,0.0144707388301,0.588135185752,0.808626984459
1501822128406636953,,42514,,1501822128,406636953,"""map""",,,1296.66964665,-1770.13981929,-5.70942479064,,0.00310991577109,0.0145713682849,0.58818974019,0.808585699345
1501822128456650972,,42886,,1501822128,456650972,"""map""",,,1296.71052713,-1769.99927637,-5.7123782203,,0.00302669909379,0.0146740060452,0.588287983752,0.808512684385
1501822128506664037,,43266,,1501822128,506664037,"""map""",,,1296.75170864,-1769.85765281,-5.71480104949,,0.00298718722455,0.0147072979786,0.588393017052,0.808435791874
1501822128556667089,,43704,,1501822128,556667089,"""map""",,,1296.7948165,-1769.71605276,-5.71762681726,,0.00297626892566,0.0146461053385,0.588458957338,0.808388946579
1501822128601646900,,44005,,1501822128,601646900,"""map""",,,1296.83223566,-1769.58689685,-5.72074282191,,0.00302545960283,0.0144610657719,0.588560286667,0.808318324133
1501822128661633014,,44292,,1501822128,661633014,"""map""",,,1296.88248799,-1769.41361202,-5.72608350133,,0.00306215739127,0.014001097839,0.588713563465,0.808214657528
1501822128761656045,,45047,,1501822128,761656045,"""map""",,,1296.96912018,-1769.12412347,-5.7354531329,,0.00264405730762,0.0138000208608,0.588899415291,0.808084183149
1501822128811671972,,45480,,1501822128,811671972,"""map""",,,1297.01366387,-1768.97855111,-5.73988793378,,0.00288697038461,0.0146403564726,0.588908843788,0.808061692615
1501822128861666917,,45897,,1501822128,861666917,"""map""",,,1297.05586848,-1768.82992001,-5.74243026514,,0.00328873284331,0.0156709712974,0.588858160661,0.808077763286
1501822128906665086,,46305,,1501822128,906665086,"""map""",,,1297.09569263,-1768.69632358,-5.7438959445,,0.0037048690596,0.0165590326454,0.588798253647,0.808101905013
1501822128956674098,,46738,,1501822128,956674098,"""map""",,,1297.13850769,-1768.54547561,-5.74521405387,,0.0041166273079,0.0174460586799,0.588835920814,0.808053801906
1501822129011672019,,47097,,1501822129,11672019,"""map""",,,1297.1866923,-1768.37843223,-5.74664191404,,0.00468014127129,0.0180233484145,0.588955204573,0.807951126119
1501822129051676034,,47467,,1501822129,51676034,"""map""",,,1297.22406231,-1768.25775728,-5.74767055937,,0.00480079207221,0.0181317912993,0.588956305088,0.807947189634
1501822129111680030,,47918,,1501822129,111680030,"""map""",,,1297.27774679,-1768.07288771,-5.75002344018,,0.00436509197612,0.0177956646915,0.588946608548,0.80796420253
1501822129151683092,,48296,,1501822129,151683092,"""map""",,,1297.31628587,-1767.95042929,-5.75084741835,,0.00397360236978,0.0175648872109,0.588904347145,0.808002076195
1501822129211683988,,48671,,1501822129,211683988,"""map""",,,1297.37149052,-1767.76268062,-5.75185191631,,0.00348768543329,0.0174412420147,0.588884056873,0.808021786023
1501822129261677026,,49008,,1501822129,261677026,"""map""",,,1297.41760667,-1767.60482058,-5.75309887209,,0.00295283408439,0.0171653285516,0.58895510696,0.807978040699
1501822129311686038,,49414,,1501822129,311686038,"""map""",,,1297.46613609,-1767.44767341,-5.75500845492,,0.00249135605321,0.0168102325107,0.589046414914,0.807920497515
1501822129361699104,,49778,,1501822129,361699104,"""map""",,,1297.51292222,-1767.28760723,-5.75746048853,,0.00227144675416,0.0165459222027,0.589187115469,0.807824000605
1501822129401699066,,50146,,1501822129,401699066,"""map""",,,1297.55258951,-1767.16060888,-5.75980695376,,0.00217769253362,0.0163535953528,0.589192593562,0.807824179674
1501822129461707115,,50628,,1501822129,461707115,"""map""",,,1297.60889805,-1766.96570951,-5.76474941763,,0.00282848822769,0.0161254879707,0.589148590328,0.807858840892
1501822129506701946,,51034,,1501822129,506701946,"""map""",,,1297.65099388,-1766.81845299,-5.76780862499,,0.00338004390856,0.0159921228235,0.589083753257,0.80790665238
1501822129561743974,,51493,,1501822129,561743974,"""map""",,,1297.70510576,-1766.63922153,-5.77161202701,,0.00395687163469,0.0156309705054,0.589028364918,0.807951484466
1501822129611709117,,51906,,1501822129,611709117,"""map""",,,1297.75269298,-1766.47445331,-5.77681210529,,0.00452712361976,0.0152235494018,0.58906793137,0.807927423056
1501822129656718015,,52306,,1501822129,656718015,"""map""",,,1297.79805874,-1766.3283739,-5.78396346566,,0.00546307433312,0.0147758409029,0.589022739843,0.807962895988
1501822129711711883,,52717,,1501822129,711711883,"""map""",,,1297.8506984,-1766.14551352,-5.79311014998,,0.00674250396697,0.014297141941,0.589003627062,0.807975777904
1501822129761727094,,53081,,1501822129,761727094,"""map""",,,1297.89821164,-1765.97793273,-5.79916388219,,0.00733970282936,0.0141349614963,0.58883885281,0.808093519989
1501822129811717033,,53507,,1501822129,811717033,"""map""",,,1297.94885667,-1765.81182043,-5.80369772195,,0.007887103128,0.0141530198744,0.588719716424,0.808174845641
1501822129861725091,,53936,,1501822129,861725091,"""map""",,,1297.99765689,-1765.64242609,-5.80637611847,,0.00823209852382,0.0144767994622,0.588644140107,0.808220719327
1501822129911741971,,54337,,1501822129,911741971,"""map""",,,1298.04985176,-1765.47401698,-5.80766413541,,0.00810731414442,0.0147640865655,0.588615154988,0.808237893521
1501822129961724042,,54679,,1501822129,961724042,"""map""",,,1298.09969234,-1765.30311291,-5.8086272547,,0.00754304516344,0.0148155548875,0.588648713292,0.8082179744
1501822130011729955,,55117,,1501822130,11729955,"""map""",,,1298.1530078,-1765.13351229,-5.81085109831,,0.00702038663148,0.0148219368998,0.58859066218,0.8082648432
1501822130051733970,,55403,,1501822130,51733970,"""map""",,,1298.19359504,-1764.99554645,-5.81185612758,,0.00666674196939,0.0148365467263,0.588553499906,0.808294630182
1501822130111745119,,55874,,1501822130,111745119,"""map""",,,1298.25442172,-1764.78762718,-5.81373934983,,0.00606907410591,0.0147369096196,0.588465555136,0.808365189907
1501822130161740064,,56283,,1501822130,161740064,"""map""",,,1298.30809746,-1764.61638764,-5.81582300412,,0.0055557127455,0.0145209986423,0.588391663855,0.808426573388
1501822130211750984,,56683,,1501822130,211750984,"""map""",,,1298.35956843,-1764.44181109,-5.81835372376,,0.00521791921021,0.0143231397415,0.588447873058,0.808391440875
1501822130261746883,,57066,,1501822130,261746883,"""map""",,,1298.41440806,-1764.26908753,-5.81969847561,,0.00513109338445,0.0145276284476,0.588440490865,0.808393721279
1501822130301748991,,57402,,1501822130,301748991,"""map""",,,1298.45577528,-1764.12775365,-5.82115865604,,0.00496428643964,0.0150040576853,0.588425813707,0.808396744103
1501822130361757040,,57915,,1501822130,361757040,"""map""",,,1298.51759904,-1763.91481163,-5.82228940295,,0.00483074886331,0.0155732481293,0.58837500654,0.808423768507
1501822130411761045,,58350,,1501822130,411761045,"""map""",,,1298.57251898,-1763.73963546,-5.82368846945,,0.00478297544051,0.0160455431148,0.588308849427,0.80846296228
1501822130461772918,,58779,,1501822130,461772918,"""map""",,,1298.62474328,-1763.56090135,-5.82589051721,,0.00496025902482,0.0164312981776,0.588335171431,0.808434990787
1501822130506764888,,59095,,1501822130,506764888,"""map""",,,1298.67509325,-1763.40253467,-5.82836858397,,0.00502359011079,0.0165785099745,0.588296660428,0.808459619201
1501822130561798095,,59500,,1501822130,561798095,"""map""",,,1298.73292901,-1763.20450943,-5.83309096213,,0.00502214676954,0.0165541523782,0.58830800554,0.808451871603
1501822130611772060,,59938,,1501822130,611772060,"""map""",,,1298.78918734,-1763.02708821,-5.83625253789,,0.00508406690635,0.0165344368044,0.588243876968,0.808498550322
1501822130661767959,,60363,,1501822130,661767959,"""map""",,,1298.84233086,-1762.8458074,-5.83924079762,,0.00508029387424,0.0165832979355,0.588227952758,0.808509159155
1501822130711805105,,60784,,1501822130,711805105,"""map""",,,1298.89567908,-1762.66363581,-5.84234595806,,0.00488311846096,0.0164888105487,0.588224920441,0.808514512704
1501822130761784076,,61154,,1501822130,761784076,"""map""",,,1298.95258107,-1762.4848894,-5.84565090166,,0.00458297799823,0.0162308799497,0.588172812289,0.80855939654
1501822130811778068,,61566,,1501822130,811778068,"""map""",,,1299.00679057,-1762.30184241,-5.8502659619,,0.004434975309,0.0161116405301,0.588219578144,0.808528585717
1501822130861790895,,61904,,1501822130,861790895,"""map""",,,1299.06082821,-1762.11911132,-5.85370178965,,0.00421422637743,0.0161865318189,0.588299214143,0.808470327917
1501822130911792039,,62283,,1501822130,911792039,"""map""",,,1299.11826984,-1761.93887706,-5.85706743676,,0.00329778652684,0.0166410368109,0.588205182409,0.808533774115
1501822130951776981,,62620,,1501822130,951776981,"""map""",,,1299.16150917,-1761.79169655,-5.85950859835,,0.00236160388017,0.0174177494567,0.58821276953,0.808515171529
1501822131061784029,,63474,,1501822131,61784029,"""map""",,,1299.2845603,-1761.3886697,-5.86780581795,,0.00136167606372,0.0192644093455,0.588248857952,0.808449324008
1501822131161794900,,64117,,1501822131,161794900,"""map""",,,1299.39639088,-1761.02046788,-5.87551453084,,0.00126733899128,0.0200020741104,0.588283615363,0.808406270868
1501822131211810111,,64500,,1501822131,211810111,"""map""",,,1299.45085438,-1760.83394854,-5.87925497661,,0.00141818861101,0.0201369844903,0.58832279979,0.808374154612
1501822131261818885,,64918,,1501822131,261818885,"""map""",,,1299.50907845,-1760.65110822,-5.88266891778,,0.00138172593778,0.0202019237188,0.58827736745,0.80840566058
1501822131311813116,,65274,,1501822131,311813116,"""map""",,,1299.56412393,-1760.46362768,-5.88575998005,,0.00149183919411,0.0202580007085,0.588335401367,0.808361826982
1501822131361824989,,65672,,1501822131,361824989,"""map""",,,1299.61932299,-1760.27542538,-5.89007563941,,0.00149314576327,0.0203249848033,0.588395441991,0.808316441347
1501822131411818027,,66033,,1501822131,411818027,"""map""",,,1299.6784187,-1760.09065675,-5.89329197425,,0.00147208484927,0.0201588876877,0.58838093759,0.808331197278
1501822131461823940,,66435,,1501822131,461823940,"""map""",,,1299.73408729,-1759.90135686,-5.89656777822,,0.00150511563719,0.0199138090716,0.588407615662,0.808317791878
1501822131501816034,,66724,,1501822131,501816034,"""map""",,,1299.78340852,-1759.75267868,-5.89904480697,,0.00153257235907,0.0196554338583,0.58832052808,0.808387451276
1501822131561861038,,67135,,1501822131,561861038,"""map""",,,1299.85090387,-1759.52380035,-5.90348817814,,0.00199146142499,0.0191012940415,0.588318235079,0.808401403339
1501822131611834049,,67528,,1501822131,611834049,"""map""",,,1299.90641951,-1759.33444789,-5.91310928809,,0.00275534339189,0.0178852018035,0.588357062613,0.808398722483
1501822131661823987,,67944,,1501822131,661823987,"""map""",,,1299.9665655,-1759.14822338,-5.92344635017,,0.00410315581496,0.0161439976731,0.588324339799,0.808453465978
1501822131711837053,,68327,,1501822131,711837053,"""map""",,,1300.02210953,-1758.95783684,-5.9342361062,,0.00556868584283,0.0143306055482,0.58824953079,0.80853330977
1501822131761836051,,68721,,1501822131,761836051,"""map""",,,1300.07827002,-1758.76574151,-5.94379164713,,0.00698998274057,0.0128009864772,0.58815129118,0.808619399699
1501822131811836957,,69112,,1501822131,811836957,"""map""",,,1300.13896996,-1758.57725977,-5.95126437424,,0.007933132419,0.0117887759265,0.587935104927,0.808783285292
1501822131851850986,,69446,,1501822131,851850986,"""map""",,,1300.1844981,-1758.42255947,-5.95686793818,,0.00842222756189,0.0112270559923,0.587887079116,0.808821241997
1501822131911839962,,69850,,1501822131,911839962,"""map""",,,1300.25829263,-1758.19395637,-5.96149475499,,0.00855209025875,0.0109055065163,0.587795856668,0.808890575148
1501822131961843967,,70271,,1501822131,961843967,"""map""",,,1300.31616859,-1757.99929888,-5.96471005616,,0.0083690543149,0.0108628643777,0.587813068546,0.808880555802
1501822132011854887,,70649,,1501822132,11854887,"""map""",,,1300.3742578,-1757.80350689,-5.96717819189,,0.00807742893779,0.0109522132231,0.58778329498,0.808903951226
1501822132061851024,,71056,,1501822132,61851024,"""map""",,,1300.43712043,-1757.61134935,-5.96962357352,,0.00778103884093,0.0110442835278,0.58758544657,0.809049332374
1501822132106872081,,71307,,1501822132,106872081,"""map""",,,1300.48957262,-1757.43399651,-5.97340668784,,0.00757126807204,0.0110652172523,0.587492227764,0.809118729967
1501822132161856889,,71653,,1501822132,161856889,"""map""",,,1300.5541664,-1757.21675621,-5.97607477939,,0.00755950321191,0.0112700402403,0.587417880177,0.809169990887
1501822132211859941,,72034,,1501822132,211859941,"""map""",,,1300.61780531,-1757.02408181,-5.97785039507,,0.00757856095132,0.0116011754438,0.587277355381,0.80926712895
1501822132261861085,,72403,,1501822132,261861085,"""map""",,,1300.67679445,-1756.82453511,-5.97810827561,,0.00742506399874,0.0121452152224,0.587166755712,0.809340820149
1501822132311894893,,72794,,1501822132,311894893,"""map""",,,1300.74107286,-1756.62846028,-5.97760733912,,0.00727252206706,0.0129042392757,0.586925055391,0.809505756858
1501822132361876010,,73210,,1501822132,361876010,"""map""",,,1300.80066649,-1756.42729597,-5.97839226849,,0.00725516415337,0.0137217366488,0.586761457768,0.809611059839
1501822132411884069,,73569,,1501822132,411884069,"""map""",,,1300.86605015,-1756.22960942,-5.97652743979,,0.00680229316038,0.0145198910801,0.586558545772,0.809748092898
1501822132461894035,,73973,,1501822132,461894035,"""map""",,,1300.92695675,-1756.02673203,-5.97474294588,,0.00621118383927,0.0151332837168,0.58652328604,0.809767151626
1501822132511900901,,74387,,1501822132,511900901,"""map""",,,1300.98841146,-1755.82326933,-5.97393969599,,0.00569593886865,0.015653629754,0.586519920086,0.809763486148
1501822132561901092,,74753,,1501822132,561901092,"""map""",,,1301.05543777,-1755.6242194,-5.97470105766,,0.00522363009883,0.0159036959998,0.58636307785,0.809875377497
1501822132661894083,,75385,,1501822132,661894083,"""map""",,,1301.18420573,-1755.21929689,-5.98230884142,,0.00480050348662,0.0156911747281,0.586094247898,0.810076709196
1501822132711915969,,75792,,1501822132,711915969,"""map""",,,1301.24610136,-1755.01368105,-5.98642727821,,0.00473644287512,0.0154745664455,0.586019584825,0.810135266547
1501822132761895895,,76179,,1501822132,761895895,"""map""",,,1301.30823269,-1754.80772336,-5.99056365725,,0.004685810991,0.0153002394638,0.585986195911,0.810163023132
1501822132816901922,,76601,,1501822132,816901922,"""map""",,,1301.38247198,-1754.585878,-5.99690241004,,0.00474151788101,0.0151716979978,0.585841368637,0.810269849113
1501822132866908073,,77025,,1501822132,866908073,"""map""",,,1301.44496156,-1754.37875731,-6.00099388899,,0.00488017710745,0.0150590053311,0.585792991992,0.810306103126
1501822132916910886,,77401,,1501822132,916910886,"""map""",,,1301.51377079,-1754.17524985,-6.00484345295,,0.0050853040727,0.0149481630745,0.585644689821,0.810414085136
1501822132966912031,,77763,,1501822132,966912031,"""map""",,,1301.5766014,-1753.96711556,-6.00824700378,,0.00519733938224,0.0148752015094,0.585632315292,0.810423659162
1501822133016911029,,78129,,1501822133,16911029,"""map""",,,1301.64600358,-1753.7626036,-6.01125554256,,0.00522337214387,0.0148928816135,0.585510678896,0.810511050733
1501822133066915988,,78471,,1501822133,66915988,"""map""",,,1301.70946511,-1753.55339857,-6.0158118416,,0.00513591234312,0.0150757633114,0.585513704989,0.810506042566
1501822133116925001,,78902,,1501822133,116925001,"""map""",,,1301.77303542,-1753.34375289,-6.01884601047,,0.00514895246108,0.0152188373268,0.585479632358,0.810527899194
1501822133166922092,,79332,,1501822133,166922092,"""map""",,,1301.84302203,-1753.13765104,-6.02232794307,,0.00517780491024,0.0153770250126,0.585285316509,0.810665057664
1501822133211924076,,79730,,1501822133,211924076,"""map""",,,1301.90019111,-1752.94824867,-6.02573926551,,0.00499896171618,0.0154204007617,0.585175311954,0.810744766188
1501822133261931896,,80118,,1501822133,261931896,"""map""",,,1301.96411822,-1752.7374679,-6.02953796761,,0.00492455040969,0.0154870545016,0.585035303203,0.810844987623
1501822133316937923,,80479,,1501822133,316937923,"""map""",,,1302.04113778,-1752.50890941,-6.0355482083,,0.00496457612046,0.0155865395339,0.584847961463,0.810977974264
1501822133366940021,,80893,,1501822133,366940021,"""map""",,,1302.10567818,-1752.29731191,-6.03914685099,,0.00497136521289,0.0153845896128,0.584779019433,0.811031502693
1501822133411947011,,81287,,1501822133,411947011,"""map""",,,1302.17047284,-1752.1108836,-6.04240483482,,0.00492874437347,0.0150811916998,0.584610530427,0.811158919602
1501822133461945056,,81692,,1501822133,461945056,"""map""",,,1302.23566698,-1751.89839945,-6.04549456304,,0.00489319819921,0.014876639622,0.58455280386,0.811204512872
1501822133516959905,,82135,,1501822133,516959905,"""map""",,,1302.30762899,-1751.66401123,-6.05078333892,,0.00480136515043,0.0147454288894,0.58445156465,0.81128040023
1501822133551980018,,82450,,1501822133,551980018,"""map""",,,1302.35966559,-1751.51834834,-6.05266567779,,0.00467671805666,0.0146745046137,0.584289711207,0.81139898977
1501822133611947059,,82917,,1501822133,611947059,"""map""",,,1302.44436745,-1751.26598976,-6.05635550574,,0.00450130495849,0.0146162544207,0.584044123663,0.811577824349
1501822133671951055,,83305,,1501822133,671951055,"""map""",,,1302.52358675,-1751.00848061,-6.06058692401,,0.00444014816325,0.0145749082721,0.583881423993,0.811695965155
1501822133716955900,,83690,,1501822133,716955900,"""map""",,,1302.58321251,-1750.81498109,-6.06424606407,,0.0046053587488,0.0145899833439,0.583771229668,0.811774029191
1501822133766959905,,84089,,1501822133,766959905,"""map""",,,1302.65556758,-1750.60477544,-6.0705212036,,0.00479528618736,0.0146078576309,0.583553020555,0.811929484578
1501822133801964998,,84403,,1501822133,801964998,"""map""",,,1302.70197377,-1750.45378438,-6.07366673149,,0.00488780463217,0.0145037946926,0.583478261128,0.811984524542
1501822133866982936,,84869,,1501822133,866982936,"""map""",,,1302.78874099,-1750.17310453,-6.08018100204,,0.00500657444501,0.0141075987506,0.583407137286,0.812041884408
1501822133921969890,,85174,,1501822133,921969890,"""map""",,,1302.86896198,-1749.9396763,-6.08489557028,,0.00515828208645,0.0140289262487,0.583245129902,0.812158666641
1501822133951968908,,85487,,1501822133,951968908,"""map""",,,1302.90934173,-1749.80957836,-6.08915885856,,0.00524855820416,0.0140824775246,0.583181376767,0.812202941546
1501822134021971940,,85912,,1501822134,21971940,"""map""",,,1303.00972518,-1749.5097814,-6.09281045731,,0.00519268743489,0.0141712460533,0.582912621656,0.812394662277
1501822134061968088,,86300,,1501822134,61968088,"""map""",,,1303.06363729,-1749.33549235,-6.09470545707,,0.00512127428134,0.0142591025835,0.582790687087,0.812481055525
1501822134121994018,,86769,,1501822134,121994018,"""map""",,,1303.14509797,-1749.07355791,-6.09767694293,,0.00511203018201,0.0144659692011,0.582630292297,0.812592484201
1501822134171973943,,87183,,1501822134,171973943,"""map""",,,1303.21946837,-1748.85993806,-6.10051855896,,0.00499384176732,0.014601319117,0.582438885059,0.812728003822
1501822134221987962,,87609,,1501822134,221987962,"""map""",,,1303.28794588,-1748.64115647,-6.10631048793,,0.00501242185789,0.0148628441349,0.582353444289,0.81278437326
1501822134261986970,,87957,,1501822134,261986970,"""map""",,,1303.34875145,-1748.47163624,-6.10929815187,,0.00513592100577,0.0151211612678,0.582206990812,0.812883751004
1501822134322002887,,88367,,1501822134,322002887,"""map""",,,1303.43099861,-1748.20837483,-6.11384254768,,0.00520719935371,0.0154037611344,0.582121723271,0.812939055842
1501822134371994018,,88782,,1501822134,371994018,"""map""",,,1303.50570039,-1747.99436081,-6.11750596023,,0.00500904967759,0.015543910944,0.581971296006,0.81304532892
1501822134421994924,,89135,,1501822134,421994924,"""map""",,,1303.57468479,-1747.77424759,-6.12324914038,,0.00443575609612,0.0154645644566,0.58189921576,0.813101761166
1501822134467027902,,89520,,1501822134,467027902,"""map""",,,1303.63752655,-1747.57594872,-6.1265110124,,0.00456684626722,0.0154695637294,0.581873257529,0.813119516852
1501822134522000074,,89961,,1501822134,522000074,"""map""",,,1303.71974337,-1747.3391577,-6.13045899608,,0.00468594203061,0.0150898906858,0.581718574377,0.81323664291
1501822134572007894,,90361,,1501822134,572007894,"""map""",,,1303.7890696,-1747.11798339,-6.13411160278,,0.00457857275408,0.0143474589282,0.581638258729,0.81330813538
1501822134622000932,,90720,,1501822134,622000932,"""map""",,,1303.86519413,-1746.9016516,-6.14005672428,,0.00445876473642,0.0137430110527,0.581502431355,0.813416357957
1501822134672002077,,91109,,1501822134,672002077,"""map""",,,1303.93553904,-1746.68003752,-6.1434104093,,0.00453821538348,0.013444882962,0.581478786115,0.813437804028
1501822134772017002,,91915,,1501822134,772017002,"""map""",,,1304.08175194,-1746.24210622,-6.15013501122,,0.00438345055526,0.0132762764737,0.581344840331,0.813537154938
1501822134822022914,,92313,,1501822134,822022914,"""map""",,,1304.15197265,-1746.01937563,-6.15413546937,,0.00453823731436,0.0134274378317,0.581308424563,0.813559846506
1501822134872020006,,92737,,1501822134,872020006,"""map""",,,1304.22857353,-1745.80157363,-6.160951653,,0.00486561112914,0.0137293763617,0.581157924027,0.813660431257
1501822134922024011,,93173,,1501822134,922024011,"""map""",,,1304.29844486,-1745.57887056,-6.16567911067,,0.00518500356763,0.0140177085674,0.581105160463,0.813691226491
1501822134962028980,,93561,,1501822134,962028980,"""map""",,,1304.35422858,-1745.40042449,-6.16980957522,,0.00457137009518,0.0144231159046,0.581023169071,0.81374636915
1501822135022038936,,94003,,1501822135,22038936,"""map""",,,1304.44524599,-1745.13867051,-6.17603286747,,0.0044605504271,0.0147686612946,0.580970774464,0.813778194198
1501822135072041988,,94421,,1501822135,72041988,"""map""",,,1304.51628366,-1744.91565014,-6.18230444117,,0.00419686691216,0.0150876068837,0.580978388813,0.813768309876
1501822135122034072,,94855,,1501822135,122034072,"""map""",,,1304.58711397,-1744.69222291,-6.18454347217,,0.00374247753437,0.0152164009433,0.580894051371,0.813828333303
1501822135172046899,,95282,,1501822135,172046899,"""map""",,,1304.66473985,-1744.47386024,-6.18581558458,,0.00321023977146,0.0153158509346,0.580808029511,0.813890135046
1501822135222040891,,95713,,1501822135,222040891,"""map""",,,1304.73638187,-1744.25023024,-6.18663961218,,0.00307748266533,0.0153392763433,0.580874582652,0.813842708962
1501822135262048006,,96086,,1501822135,262048006,"""map""",,,1304.79986552,-1744.07661276,-6.19059005568,,0.0032642885946,0.0153629014512,0.580826093498,0.813876142168
1501822135312047958,,96460,,1501822135,312047958,"""map""",,,1304.87107635,-1743.85270521,-6.19269062165,,0.00362681354384,0.0152818071909,0.580812895881,0.813885552501
1501822135372064113,,96903,,1501822135,372064113,"""map""",,,1304.95604023,-1743.58353375,-6.19666305725,,0.00386177807718,0.0147511206503,0.580697681211,0.813976470266
1501822135422049999,,97332,,1501822135,422049999,"""map""",,,1305.03337824,-1743.36463455,-6.20074549162,,0.00379118350372,0.0140175753183,0.580532457183,0.814107610004
1501822135467072010,,97739,,1501822135,467072010,"""map""",,,1305.09811923,-1743.16278076,-6.20510826317,,0.00395713674083,0.0135121268138,0.580506873155,0.814133609254
1501822135517072916,,98151,,1501822135,517072916,"""map""",,,1305.17523929,-1742.94358212,-6.2133918288,,0.00382913515633,0.0130323416755,0.580386653229,0.814227749802
1501822135572071075,,98591,,1501822135,572071075,"""map""",,,1305.25386395,-1742.69776241,-6.22297229541,,0.00402543935274,0.0118170693392,0.580376778727,0.814252385581
1501822135622059106,,99001,,1501822135,622059106,"""map""",,,1305.32573677,-1742.47364787,-6.23104771935,,0.00435382694753,0.0110886573662,0.580335574867,0.814290308436
1501822135667078971,,99395,,1501822135,667078971,"""map""",,,1305.39554054,-1742.27795476,-6.2374813929,,0.00458821504038,0.0108149054015,0.580242896843,0.814358745742
1501822135722065925,,99847,,1501822135,722065925,"""map""",,,1305.47466122,-1742.03046864,-6.24544596633,,0.00483283542994,0.0106753604273,0.580188381847,0.814398012001
1501822135772078990,,100272,,1501822135,772078990,"""map""",,,1305.55102942,-1741.81158284,-6.24828926492,,0.00505579269586,0.0111991298993,0.579993550026,0.814528391389
1501822135822088003,,100641,,1501822135,822088003,"""map""",,,1305.62285874,-1741.58543068,-6.24899144529,,0.00550729806954,0.0122169578935,0.579813802292,0.814638797431
1501822135872088909,,100976,,1501822135,872088909,"""map""",,,1305.69457143,-1741.35900098,-6.24896516871,,0.00574904593259,0.0133988167371,0.579587390267,0.814779649491
1501822135922090053,,101381,,1501822135,922090053,"""map""",,,1305.77107441,-1741.1390631,-6.2519812678,,0.0057505288093,0.0143048626233,0.57939629674,0.814900137224
1501822135972094058,,101800,,1501822135,972094058,"""map""",,,1305.84393407,-1740.91236988,-6.25260893157,,0.00531205137549,0.0146986213524,0.579345271381,0.814932383188
1501822136022104024,,102232,,1501822136,22104024,"""map""",,,1305.92213506,-1740.6922842,-6.25349671048,,0.00457542974679,0.0147324200289,0.579308361726,0.814962479674
1501822136072098016,,102653,,1501822136,72098016,"""map""",,,1305.99650364,-1740.46533699,-6.25567229263,,0.00408220810901,0.0145863003675,0.57933056264,0.814951946196
1501822136122101068,,102906,,1501822136,122101068,"""map""",,,1306.07068475,-1740.23780875,-6.26138966925,,0.00366032031623,0.0143493169755,0.579264572519,0.8150050639
1501822136172102928,,103288,,1501822136,172102928,"""map""",,,1306.14914457,-1740.01614469,-6.26518579209,,0.00332113356249,0.0139325787329,0.579110712397,0.815123080344
1501822136222105979,,103722,,1501822136,222105979,"""map""",,,1306.22345202,-1739.78682053,-6.2691092998,,0.00325096881722,0.0137376413088,0.579003900231,0.815202546568
1501822136272105932,,104043,,1501822136,272105932,"""map""",,,1306.30215765,-1739.5628033,-6.27326122048,,0.00341703343042,0.0136820420428,0.5788510321,0.815311356627
1501822136312114000,,104392,,1501822136,312114000,"""map""",,,1306.36204936,-1739.37754632,-6.27628970143,,0.0035023775372,0.0137735255191,0.578745727152,0.815384207996
1501822136372109889,,104717,,1501822136,372109889,"""map""",,,1306.45225711,-1739.09843519,-6.28322814746,,0.00377827111807,0.0141452174328,0.578582128676,0.815492708654
1501822136422115087,,104859,,1501822136,422115087,"""map""",,,1306.52769268,-1738.86465878,-6.28746379325,,0.00358098812758,0.014581772529,0.578427697351,0.815595455707
1501822136472114086,,105248,,1501822136,472114086,"""map""",,,1306.60819183,-1738.63734253,-6.29158157705,,0.00384460604653,0.0147968301846,0.578326166068,0.815662380193
1501822136522118091,,105614,,1501822136,522118091,"""map""",,,1306.68524627,-1738.40136538,-6.29605065239,,0.00413936929035,0.0149359575488,0.578313901999,0.815667097258
1501822136572140932,,106055,,1501822136,572140932,"""map""",,,1306.7669755,-1738.1709797,-6.30295837526,,0.00407073890765,0.0148862305296,0.578236064925,0.815723533095
1501822136622143983,,106460,,1501822136,622143983,"""map""",,,1306.84876109,-1737.93865093,-6.30625961489,,0.00333625135966,0.0148436873622,0.578124507465,0.815806710098
1501822136672137975,,106864,,1501822136,672137975,"""map""",,,1306.92788356,-1737.69849702,-6.30915119246,,0.00341302643981,0.0154115336532,0.578024334862,0.815866842192
1501822136722142934,,107284,,1501822136,722142934,"""map""",,,1307.00688293,-1737.45653555,-6.31227926394,,0.00362755109482,0.0159211308133,0.577900776346,0.815943656857
1501822136772135972,,107674,,1501822136,772135972,"""map""",,,1307.08972268,-1737.2198319,-6.31823176551,,0.0030364343861,0.0159617241284,0.577719040693,0.816073963222
1501822136822135925,,108113,,1501822136,822135925,"""map""",,,1307.17024638,-1736.97490671,-6.32186728676,,0.00280168137525,0.0159948617763,0.57765892934,0.816116705093
1501822136872137069,,108470,,1501822136,872137069,"""map""",,,1307.25193709,-1736.72845967,-6.32542004292,,0.00317824531826,0.0161353401053,0.57762045835,0.816139789284
1501822136922146081,,108885,,1501822136,922146081,"""map""",,,1307.33732941,-1736.48777848,-6.32949891694,,0.00393052239058,0.0160608218762,0.577587850377,0.816161060142
1501822136972152948,,109292,,1501822136,972152948,"""map""",,,1307.41864914,-1736.23839376,-6.3383945559,,0.00407109380704,0.0150854802896,0.577584484913,0.816181362975
1501822137022150039,,109707,,1501822137,22150039,"""map""",,,1307.50478421,-1735.99453209,-6.34337445654,,0.00337541429125,0.0142798834054,0.577507676482,0.816253376785
1501822137072158098,,110117,,1501822137,72158098,"""map""",,,1307.58898376,-1735.74160843,-6.34734135763,,0.00343925362999,0.0140026348895,0.577461472512,0.816290601143
1501822137122155904,,110474,,1501822137,122155904,"""map""",,,1307.67686253,-1735.49424327,-6.35176909185,,0.00414489715665,0.0137410881522,0.577416390115,0.816323658085
1501822137212172031,,111173,,1501822137,212172031,"""map""",,,1307.82900658,-1735.03090974,-6.36459804173,,0.00511167002745,0.0125118380842,0.577392841246,0.816354599188
1501822137272166967,,111468,,1501822137,272166967,"""map""",,,1307.93478796,-1734.72639373,-6.37015645508,,0.00571553003575,0.011954862748,0.577377121204,0.816370059399
1501822137322175025,,111900,,1501822137,322175025,"""map""",,,1308.02138303,-1734.46429986,-6.37821661748,,0.00576480535602,0.0114730837221,0.577448300559,0.816326280081
1501822137372176885,,112316,,1501822137,372176885,"""map""",,,1308.10915856,-1734.20037631,-6.38217025597,,0.00588193271885,0.0112404654465,0.57756120524,0.816248803372
1501822137422208070,,112725,,1501822137,422208070,"""map""",,,1308.20004121,-1733.94177254,-6.38350648156,,0.0055926028862,0.0117655631727,0.577538981378,0.81625916185
1501822137457194089,,113031,,1501822137,457194089,"""map""",,,1308.26443783,-1733.76204291,-6.38406515665,,0.00544151627406,0.012149660974,0.577446183906,0.816320206985
1501822137522206068,,113436,,1501822137,522206068,"""map""",,,1308.37956113,-1733.41167308,-6.39101345727,,0.00470470643551,0.0121870204749,0.577402186712,0.81635534974
1501822137572196960,,113856,,1501822137,572196960,"""map""",,,1308.46976445,-1733.1404138,-6.39403285163,,0.00423740519925,0.0120004703161,0.577460367737,0.816319518818
1501822137622189044,,114262,,1501822137,622189044,"""map""",,,1308.56288516,-1732.8755131,-6.39547001407,,0.00422329853182,0.0122234885854,0.577496508804,0.816290715613
1501822137672185897,,114718,,1501822137,672185897,"""map""",,,1308.65384011,-1732.59989159,-6.39908832949,,0.00397171269403,0.0125743153968,0.577433334243,0.816331339957
1501822137722192049,,115146,,1501822137,722192049,"""map""",,,1308.74508172,-1732.32237435,-6.3994954894,,0.00351437739088,0.0127723326031,0.577355909663,0.816385123731
1501822137772186994,,115578,,1501822137,772186994,"""map""",,,1308.83908314,-1732.05161704,-6.40082698949,,0.00328351807168,0.0129054476317,0.577389016051,0.816360577242
1501822137817202091,,116002,,1501822137,817202091,"""map""",,,1308.92312151,-1731.79905339,-6.4025360144,,0.0032707759937,0.0129280671094,0.577431033388,0.816330551177
1501822137877197027,,116433,,1501822137,877197027,"""map""",,,1309.03810531,-1731.46791751,-6.41020434533,,0.00325226157315,0.0127921863596,0.577432712728,0.816331577874
1501822137922208070,,116837,,1501822137,922208070,"""map""",,,1309.12274717,-1731.21196548,-6.4139204215,,0.00329075483288,0.012531427999,0.577385474662,0.816368879793
1501822137977215051,,117211,,1501822137,977215051,"""map""",,,1309.22690514,-1730.89730906,-6.41942701471,,0.00340737646896,0.0121615328762,0.577347342717,0.816400963229
1501822138027208089,,117589,,1501822138,27208089,"""map""",,,1309.3244548,-1730.61737213,-6.42734439599,,0.00333638946398,0.0117651284963,0.577362923905,0.816396046264
1501822138077223062,,117994,,1501822138,77223062,"""map""",,,1309.42083924,-1730.32763919,-6.43151231827,,0.00336810843493,0.0114545266088,0.577412253769,0.816365444432
1501822138127213001,,118361,,1501822138,127213001,"""map""",,,1309.5197747,-1730.04367773,-6.4345805082,,0.00341896645097,0.0112578223133,0.577427936655,0.816356876664
1501822138177228927,,118760,,1501822138,177228927,"""map""",,,1309.6170022,-1729.75027231,-6.43770703824,,0.00336863383186,0.0110829934594,0.577406805108,0.8163744245
1501822138222215890,,119150,,1501822138,222215890,"""map""",,,1309.70495883,-1729.48470437,-6.44319459283,,0.00316855256922,0.0111490306579,0.577346795678,0.816416766676
1501822138277236938,,119588,,1501822138,277236938,"""map""",,,1309.81546211,-1729.16555743,-6.44612081076,,0.00305226187155,0.0112916123067,0.577284706005,0.816459154766
1501822138327239036,,120023,,1501822138,327239036,"""map""",,,1309.9146289,-1728.86683962,-6.44879126668,,0.00312981724747,0.0111950111868,0.577319321175,0.816435715392
1501822138372236013,,120443,,1501822138,372236013,"""map""",,,1310.00613723,-1728.6048154,-6.45536755736,,0.00332483731851,0.0110623778972,0.57735528236,0.816411322302
1501822138427236080,,120889,,1501822138,427236080,"""map""",,,1310.11642425,-1728.27270095,-6.45845111617,,0.00342951833255,0.0108660888453,0.577404084521,0.816379011058
1501822138477243900,,121291,,1501822138,477243900,"""map""",,,1310.21904479,-1727.97674922,-6.46142997613,,0.00345531422325,0.0107860488274,0.577450146895,0.816347383046
1501822138502262115,,121514,,1501822138,502262115,"""map""",,,1310.26968052,-1727.82425623,-6.4659973672,,0.00352503315881,0.0107143282396,0.577451234434,0.816347260155
1501822138577271938,,121928,,1501822138,577271938,"""map""",,,1310.42211512,-1727.36466246,-6.47009920239,,0.00349050462859,0.0106995449945,0.577387081982,0.816392977477
1501822138622239112,,122306,,1501822138,622239112,"""map""",,,1310.5186444,-1727.09482327,-6.47255169248,,0.00341125085351,0.0106356446489,0.577312913075,0.816446597658
1501822138677249908,,122734,,1501822138,677249908,"""map""",,,1310.631653,-1726.75473021,-6.48081091614,,0.00335987538734,0.0103989410601,0.577334316881,0.816434724772
1501822138732260942,,123133,,1501822138,732260942,"""map""",,,1310.7501333,-1726.42017574,-6.48399608089,,0.00350188229559,0.0102686992568,0.577339603092,0.816432038407
1501822138782258033,,123553,,1501822138,782258033,"""map""",,,1310.85410993,-1726.10806902,-6.48655559989,,0.00357759603928,0.0104698347718,0.577352341193,0.816420147648
1501822138827264070,,123909,,1501822138,827264070,"""map""",,,1310.94792464,-1725.82595679,-6.49200332808,,0.00374142956213,0.0107630364105,0.577339041077,0.816425005987
1501822138882267951,,124276,,1501822138,882267951,"""map""",,,1311.06745909,-1725.48708211,-6.49471380616,,0.00395349683462,0.0109950558638,0.577235782555,0.816493925236
1501822138932271003,,124699,,1501822138,932271003,"""map""",,,1311.17232793,-1725.171157,-6.4970241868,,0.00419827885321,0.0111089920426,0.577192326321,0.816521881634
1501822138982274055,,125060,,1501822138,982274055,"""map""",,,1311.27784036,-1724.85414726,-6.50354664069,,0.00419252825952,0.011225163356,0.577214280095,0.816504802968
1501822139032274961,,125455,,1501822139,32274961,"""map""",,,1311.38781188,-1724.54251766,-6.50614796377,,0.00428691276003,0.011313319598,0.577245493275,0.816481029585
1501822139082283020,,125878,,1501822139,82283020,"""map""",,,1311.49427047,-1724.22345531,-6.50934620382,,0.00426755956296,0.0114955455547,0.577286832999,0.816449357164
1501822139127289056,,126292,,1501822139,127289056,"""map""",,,1311.59410001,-1723.94214677,-6.51517588836,,0.00407611229236,0.0117480651779,0.577240536283,0.81647947405
1501822139182280063,,126626,,1501822139,182280063,"""map""",,,1311.71176428,-1723.5889918,-6.51871914917,,0.0041915635161,0.0119984364364,0.577180242533,0.8165178724
1501822139232295989,,127024,,1501822139,232295989,"""map""",,,1311.82298356,-1723.27312922,-6.52148236603,,0.00456549215271,0.0116279563608,0.577217412599,0.816494951304
1501822139272286891,,127406,,1501822139,272286891,"""map""",,,1311.9089398,-1723.01456721,-6.52760765374,,0.00448771120443,0.0115731218247,0.577125827561,0.81656089942
1501822139332288026,,127677,,1501822139,332288026,"""map""",,,1312.03883646,-1722.62566744,-6.53084257107,,0.00458736039812,0.0110578934694,0.57721938466,0.816501354003
1501822139382292032,,128101,,1501822139,382292032,"""map""",,,1312.15157296,-1722.30732454,-6.53383079423,,0.00468188418409,0.0108091170929,0.57726031205,0.816475214002
1501822139432305097,,128466,,1501822139,432305097,"""map""",,,1312.26049259,-1721.98118532,-6.54021562753,,0.00474773670043,0.0107026625845,0.577272477321,0.81646763496
1501822139482306957,,128885,,1501822139,482306957,"""map""",,,1312.36898362,-1721.66136078,-6.54404900653,,0.00479147238591,0.0107388763936,0.5772903188,0.816454289073
1501822139522311925,,129167,,1501822139,522311925,"""map""",,,1312.45594174,-1721.39945804,-6.54802202962,,0.00513702744887,0.0105665394703,0.577209777651,0.816511378841
1501822139582304000,,129486,,1501822139,582304000,"""map""",,,1312.58731401,-1721.00550563,-6.55616970785,,0.00504906125247,0.0108159112938,0.57722223317,0.816499857059
1501822139632313013,,129917,,1501822139,632313013,"""map""",,,1312.69670335,-1720.68370083,-6.55905109623,,0.00508770410604,0.0109735811515,0.577411918482,0.816363382434
1501822139682312011,,130318,,1501822139,682312011,"""map""",,,1312.80730435,-1720.35346211,-6.56139139643,,0.00458985990305,0.0112766811669,0.577564167619,0.81625449581
1501822139732319116,,130722,,1501822139,732319116,"""map""",,,1312.91717725,-1720.02978832,-6.56575481244,,0.00354881416351,0.0118921291321,0.577588909844,0.816233443574
1501822139782318115,,131157,,1501822139,782318115,"""map""",,,1313.02780893,-1719.69823267,-6.56748682552,,0.00304911244605,0.0120738858822,0.577650278758,0.816189365064
1501822139832324028,,131544,,1501822139,832324028,"""map""",,,1313.13841104,-1719.36618237,-6.56942702503,,0.00246503049983,0.01203352722,0.577608731275,0.816221337262
1501822139882323980,,131980,,1501822139,882323980,"""map""",,,1313.24784726,-1719.0408607,-6.57666180842,,0.00195540676669,0.011998913335,0.57768671901,0.816168032419
1501822139912321090,,132271,,1501822139,912321090,"""map""",,,1313.31452475,-1718.84140734,-6.57928907227,,0.00188856395906,0.0116991280824,0.577739631172,0.816135088268
1501822139982331037,,132707,,1501822139,982331037,"""map""",,,1313.46868918,-1718.38213685,-6.58510097243,,0.00157446920458,0.0114835052118,0.577927131199,0.816006054621
1501822140032339096,,133143,,1501822140,32339096,"""map""",,,1313.5795871,-1718.04855387,-6.59444351848,,0.00142932385906,0.0112869925301,0.577928710437,0.816007945112
1501822140072338104,,133342,,1501822140,72338104,"""map""",,,1313.66602914,-1717.78876087,-6.59841285437,,0.00133853675045,0.0110985361089,0.577986835952,0.815969514309
1501822140132338047,,133843,,1501822140,132338047,"""map""",,,1313.79893253,-1717.38793042,-6.60543220813,,0.00119628994917,0.0107982448469,0.577932117514,0.816012520948
1501822140182338953,,134213,,1501822140,182338953,"""map""",,,1313.91004502,-1717.05378646,-6.61432695106,,0.00102082893311,0.0105031534449,0.57794969479,0.816004161734
1501822140232352018,,134642,,1501822140,232352018,"""map""",,,1314.01869485,-1716.72633997,-6.61946555537,,0.000981275031229,0.0101849081062,0.578120172885,0.815887474134
1501822140282356023,,135056,,1501822140,282356023,"""map""",,,1314.12998046,-1716.39189084,-6.62347254484,,0.000870308502291,0.00967862090927,0.578157523808,0.815867295903
1501822140322361946,,135441,,1501822140,322361946,"""map""",,,1314.21899536,-1716.12424468,-6.63074143568,,0.000621457741599,0.00933293674249,0.578147262026,0.8158788228
1501822140382355928,,135856,,1501822140,382355928,"""map""",,,1314.34964481,-1715.72978237,-6.63580147605,,0.000437289529249,0.00854455059662,0.578215648321,0.815839116168
1501822140422374010,,136188,,1501822140,422374010,"""map""",,,1314.43867723,-1715.46226861,-6.64010180499,,0.000512000856874,0.00794255192783,0.578187113277,0.815865378457
1501822140482352018,,136617,,1501822140,482352018,"""map""",,,1314.56937584,-1715.06837651,-6.64971319208,,0.000679615406334,0.00703444986699,0.578316816259,0.815781658699
1501822140532371044,,136989,,1501822140,532371044,"""map""",,,1314.68063068,-1714.7343333,-6.65497307138,,0.000747236681624,0.00623327207908,0.578364570611,0.81575425921
1501822140582370042,,137392,,1501822140,582370042,"""map""",,,1314.78907201,-1714.40653194,-6.6623997432,,0.000808080985788,0.00565738618773,0.578502694929,0.815660451994
1501822140632371902,,137815,,1501822140,632371902,"""map""",,,1314.90000839,-1714.07253146,-6.66614938992,,0.000895982723074,0.00532312539725,0.578477369098,0.815680571666
1501822140682378053,,138140,,1501822140,682378053,"""map""",,,1315.01066845,-1713.73838872,-6.66842746231,,0.000720494869453,0.00501343594023,0.578404137067,0.815734638575
1501822140732383966,,138500,,1501822140,732383966,"""map""",,,1315.11982822,-1713.4114938,-6.67473937083,,0.000463077419014,0.00478647495982,0.578446432545,0.815706197042
1501822140782382011,,138934,,1501822140,782382011,"""map""",,,1315.23101036,-1713.07787993,-6.67681075186,,0.00027104438029,0.00456951017544,0.578485281964,0.815679976868
1501822140832376003,,139366,,1501822140,832376003,"""map""",,,1315.33870878,-1712.75054105,-6.67889019948,,-0.00019432989329,0.00437743895542,0.578660555341,0.815556719031
1501822140882380962,,139737,,1501822140,882380962,"""map""",,,1315.44968184,-1712.41705881,-6.68413536772,,-0.000753938697215,0.00431295030398,0.578690910678,0.815535198465
1501822140932395935,,140156,,1501822140,932395935,"""map""",,,1315.55887207,-1712.09001208,-6.68519388587,,-0.00114064543196,0.00439776329792,0.578740009511,0.815499454321
1501822140982386112,,140466,,1501822140,982386112,"""map""",,,1315.66937124,-1711.75711359,-6.68732563514,,-0.000751933563774,0.00441509381305,0.578784278484,0.815468393332
1501822141032394886,,140867,,1501822141,32394886,"""map""",,,1315.77938803,-1711.42431064,-6.6927142786,,-0.0002177010778,0.00408012722573,0.578865654269,0.815412692737
1501822141082398891,,141294,,1501822141,82398891,"""map""",,,1315.88683381,-1711.09855335,-6.69523117245,,0.000301701500982,0.00342184425304,0.579044484355,0.815288712724
1501822141132400035,,141687,,1501822141,132400035,"""map""",,,1315.9967392,-1710.76645925,-6.69686836018,,0.000810197455213,0.00269895510441,0.579211174151,0.815172665734
1501822141182396888,,142100,,1501822141,182396888,"""map""",,,1316.10669022,-1710.43437465,-6.70277744313,,0.00117625126803,0.00206173803591,0.579341854049,0.815081211792
1501822141232410907,,142446,,1501822141,232410907,"""map""",,,1316.21344817,-1710.10812554,-6.70410989324,,0.00135814399189,0.00125804181314,0.579526080905,0.814951590173
1501822141282407045,,142841,,1501822141,282407045,"""map""",,,1316.32303893,-1709.77630485,-6.7069860115,,0.00141977599128,0.000382648606438,0.579647958774,0.81486568323
1501822141332421064,,143273,,1501822141,332421064,"""map""",,,1316.43039249,-1709.45065105,-6.71355863025,,0.00163848835807,-0.000543817923427,0.579890868162,0.814692334959
1501822141382405042,,143644,,1501822141,382405042,"""map""",,,1316.5399217,-1709.11897377,-6.71509852911,,0.00182463133538,-0.000797499383619,0.580050122635,0.814578351017
1501822141432423114,,144053,,1501822141,432423114,"""map""",,,1316.64908835,-1708.78673526,-6.7139365944,,0.0021711127614,-0.000518496026622,0.580194298257,0.814475041791
1501822141482419013,,144418,,1501822141,482419013,"""map""",,,1316.7546852,-1708.46029685,-6.71551506587,,0.00244762338037,3.38913742121e-05,0.58038568489,0.814338053124
1501822141532424926,,144736,,1501822141,532424926,"""map""",,,1316.86287685,-1708.12776878,-6.71238355593,,0.00242882826052,0.000473720598184,0.580470538229,0.814277489944
1501822141582423925,,145167,,1501822141,582423925,"""map""",,,1316.96813581,-1707.80118742,-6.70993102804,,0.00184526330652,0.00074850176468,0.58065355715,0.814148316535
1501822141632438898,,145490,,1501822141,632438898,"""map""",,,1317.07697745,-1707.46907116,-6.7111110297,,0.00184893651866,0.00104676359684,0.580816622112,0.81403165614
1501822141677447080,,145849,,1501822141,677447080,"""map""",,,1317.17199444,-1707.17555485,-6.70977735561,,0.00214434588168,0.0012401155238,0.581086554804,0.813837993534
1501822141732449054,,146227,,1501822141,732449054,"""map""",,,1317.29109256,-1706.81036414,-6.70806009589,,0.00284027090252,0.00113561838535,0.58130831818,0.813677628085
1501822141772435903,,146645,,1501822141,772435903,"""map""",,,1317.37733993,-1706.54482087,-6.71143729966,,0.00330951232806,0.00101007067341,0.581433616969,0.813586489529
1501822141832434892,,147072,,1501822141,832434892,"""map""",,,1317.50641495,-1706.14634473,-6.7102117741,,0.00410903515639,0.000662563274385,0.581551248672,0.813499122315
1501822141882441997,,147395,,1501822141,882441997,"""map""",,,1317.61075558,-1705.81962894,-6.70966863793,,0.0047865186883,0.000571702281233,0.58165890886,0.813418512292
1501822141932456016,,147752,,1501822141,932456016,"""map""",,,1317.7180706,-1705.48737697,-6.71212941856,,0.00513505023822,0.000469610451342,0.58169077704,0.813393662769
1501822141982461929,,148165,,1501822141,982461929,"""map""",,,1317.8227116,-1705.16166712,-6.71258260956,,0.00532995034372,0.000175805837592,0.5819102796,0.813235505384
1501822142032457113,,148557,,1501822142,32457113,"""map""",,,1317.93069533,-1704.82984873,-6.71159822965,,0.00546102562701,0.000134891480838,0.582099903762,0.813098924513
1501822142082458019,,148957,,1501822142,82458019,"""map""",,,1318.03665621,-1704.50314502,-6.71381603953,,0.00558107023764,0.000512887339179,0.582282802594,0.812966989739
1501822142132451057,,149381,,1501822142,132451057,"""map""",,,1318.14355671,-1704.17055886,-6.71026428577,,0.00559433589858,0.00105829440159,0.582307793435,0.812948471383
1501822142182465076,,149788,,1501822142,182465076,"""map""",,,1318.24735934,-1703.84295743,-6.70679219074,,0.00589952966948,0.00181030121939,0.582410071526,0.812871716167
1501822142232470989,,150185,,1501822142,232470989,"""map""",,,1318.35419247,-1703.50996203,-6.70571059361,,0.00648168802627,0.0026161737138,0.582525973046,0.812782033562
1501822142282480001,,150406,,1501822142,282480001,"""map""",,,1318.46099614,-1703.17691924,-6.70240686269,,0.0070265805235,0.00302669651407,0.582714178914,0.81264115818
1501822142332499027,,150781,,1501822142,332499027,"""map""",,,1318.56489035,-1702.84770656,-6.69906366271,,0.00753007625738,0.00309229869559,0.582996281423,0.812434041315
1501822142382472991,,151179,,1501822142,382472991,"""map""",,,1318.67155401,-1702.51463446,-6.70117023041,,0.0078453843046,0.00307533601669,0.583158522709,0.81231467403
1501822142422471046,,151613,,1501822142,422471046,"""map""",,,1318.75676133,-1702.24797135,-6.70047757127,,0.00804157065527,0.00277534898501,0.583232303158,0.812260863967
1501822142482482910,,151926,,1501822142,482482910,"""map""",,,1318.88474012,-1701.84769544,-6.699301418,,0.00818029224866,0.00231998773036,0.583368047254,0.812163420697
1501822142532483100,,152371,,1501822142,532483100,"""map""",,,1318.98853763,-1701.51891176,-6.70226240471,,0.00822282197969,0.00222572477668,0.583630595651,0.811974605002
1501822142582489013,,152790,,1501822142,582489013,"""map""",,,1319.09247799,-1701.18902739,-6.70028508327,,0.00837991489858,0.00264292361382,0.583953247967,0.811739734256
1501822142632477045,,153230,,1501822142,632477045,"""map""",,,1319.19852916,-1700.85487477,-6.69748990575,,0.00752885409199,0.00363829592004,0.584128257903,0.811618295431
1501822142682497024,,153663,,1501822142,682497024,"""map""",,,1319.30299727,-1700.52531542,-6.6974610983,,0.00658405710217,0.00481325884519,0.584306610008,0.811492001336
1501822142732489109,,154103,,1501822142,732489109,"""map""",,,1319.40905935,-1700.19004963,-6.6937326768,,0.00554096676577,0.00659549879801,0.584274685007,0.811510252272
1501822142782495975,,154527,,1501822142,782495975,"""map""",,,1319.51534584,-1699.85474623,-6.69351638353,,0.00602840959778,0.00761210236369,0.584540046036,0.811306753796
1501822142832499027,,154961,,1501822142,832499027,"""map""",,,1319.61960083,-1699.52327077,-6.69099828775,,0.0066064824584,0.00718823461499,0.584865694884,0.811071391815
1501822142882503032,,155384,,1501822142,882503032,"""map""",,,1319.72528321,-1699.18787128,-6.68873416653,,0.00707166960304,0.00626918979534,0.584939329703,0.811021990648
1501822142937520980,,155739,,1501822142,937520980,"""map""",,,1319.84014512,-1698.8229386,-6.69189640205,,0.00814157666014,0.00442392320273,0.585256122543,0.810795544301
1501822142987519025,,156157,,1501822142,987519025,"""map""",,,1319.94584258,-1698.48768201,-6.69186514734,,0.00935698591212,0.00238770854887,0.585404468482,0.810683880402
1501822143022519111,,156499,,1501822143,22519111,"""map""",,,1320.01792475,-1698.25709433,-6.69486295839,,0.00995269973386,0.000492758973422,0.585569618534,0.810560869279
1501822143087529897,,156935,,1501822143,87529897,"""map""",,,1320.15502583,-1697.82164043,-6.70556827718,,0.0111196520194,-0.00327760778521,0.585842285047,0.810342167036
1501822143137512922,,157348,,1501822143,137512922,"""map""",,,1320.26030852,-1697.48635403,-6.71021145505,,0.0127295341231,-0.00514506733506,0.586074710297,0.810140679878
1501822143182512998,,157753,,1501822143,182512998,"""map""",,,1320.35232656,-1697.18696525,-6.70897215453,,0.0126262543117,-0.00491931803733,0.586041595625,0.810167653149
1501822143232533931,,158126,,1501822143,232533931,"""map""",,,1320.4575378,-1696.84922261,-6.7055188693,,0.0127675646357,-0.0034673669313,0.586335828162,0.809960038072
1501822143282537937,,158441,,1501822143,282537937,"""map""",,,1320.56101036,-1696.51422746,-6.69424244298,,0.0123349273427,-0.00103328723608,0.586752069154,0.809672026952
1501822143337526082,,158912,,1501822143,337526082,"""map""",,,1320.67651887,-1696.14115191,-6.67997209129,,0.010457417227,0.00203769609209,0.586921740492,0.80957356723
1501822143387531042,,159344,,1501822143,387531042,"""map""",,,1320.78190934,-1695.80141759,-6.67024461632,,0.00904734881341,0.00395789711087,0.587303238353,0.809306732179
1501822143437544107,,159749,,1501822143,437544107,"""map""",,,1320.88453963,-1695.46660957,-6.65971421084,,0.0077021496367,0.00508100914529,0.587755103565,0.808986278296
1501822143487546920,,160180,,1501822143,487546920,"""map""",,,1320.98986486,-1695.12736247,-6.65237809298,,0.00673314929343,0.00527574910654,0.588080829718,0.808756928187
1501822143537569999,,160598,,1501822143,537569999,"""map""",,,1321.09492904,-1694.78818865,-6.65376830883,,0.00644003899298,0.00486305506902,0.588361440145,0.808557785408
1501822143587554931,,161036,,1501822143,587554931,"""map""",,,1321.19697337,-1694.45336679,-6.65350089743,,0.00675345930712,0.00382641576613,0.588663606126,0.808340836623
1501822143632551908,,161454,,1501822143,632551908,"""map""",,,1321.29036324,-1694.14815092,-6.65556934425,,0.00753204824609,0.00279489714361,0.588836726713,0.808212079886
1501822143687545061,,161897,,1501822143,687545061,"""map""",,,1321.40188532,-1693.77883355,-6.66150333667,,0.00865550785989,0.00190635258274,0.589115466204,0.808000257106
1501822143737569093,,162279,,1501822143,737569093,"""map""",,,1321.5051744,-1693.43875554,-6.66302479288,,0.00955022874994,0.00135865444374,0.589351514024,0.807819125861
1501822143787569046,,162689,,1501822143,787569046,"""map""",,,1321.60738,-1693.10269303,-6.66168432746,,0.0101270393314,0.00121643436783,0.58964290626,0.807599657293
1501822143837568998,,163120,,1501822143,837568998,"""map""",,,1321.71077551,-1692.76179293,-6.66241683273,,0.0104321778366,0.00149807618787,0.58989041402,0.807414531007
1501822143887568950,,163546,,1501822143,887568950,"""map""",,,1321.81282038,-1692.42346313,-6.65780379539,,0.0104631595687,0.00179606709599,0.590105492654,0.807256343409
1501822143927571058,,163882,,1501822143,927571058,"""map""",,,1321.89523904,-1692.150097,-6.65422440369,,0.0103900346878,0.00205512583031,0.590210354988,0.807180005019
1501822143992585897,,164232,,1501822143,992585897,"""map""",,,1322.02931691,-1691.70547999,-6.65107579355,,0.0101165250091,0.00241946826168,0.590391644344,0.807049879737
1501822144037581920,,164637,,1501822144,37581920,"""map""",,,1322.1212174,-1691.40065341,-6.64706919335,,0.00997712208429,0.00232834526284,0.590591063276,0.806905962192
1501822144087575912,,164964,,1501822144,87575912,"""map""",,,1322.22456878,-1691.05844526,-6.64271195289,,0.0100589701586,0.00199114886935,0.590752882012,0.806787385152
1501822144137586116,,165366,,1501822144,137586116,"""map""",,,1322.32666878,-1690.71890584,-6.64336326734,,0.0102365938422,0.0015270072088,0.590890078729,0.80668568554
1501822144192583084,,165815,,1501822144,192583084,"""map""",,,1322.43989127,-1690.34178893,-6.63930914995,,0.0106011305733,0.000797429356208,0.590949828044,0.806638258993
1501822144242587089,,166144,,1501822144,242587089,"""map""",,,1322.54287086,-1689.99850001,-6.63967626464,,0.011084366635,0.000340205206337,0.590973610572,0.806614661834
1501822144292587041,,166566,,1501822144,292587041,"""map""",,,1322.64474658,-1689.65936134,-6.63560731406,,0.0115935454565,-8.66374281491e-05,0.591023881376,0.806570737035
1501822144337590932,,166907,,1501822144,337590932,"""map""",,,1322.7375526,-1689.34982761,-6.63255652397,,0.012063253088,-0.00033287524572,0.591046188537,0.806547438242
1501822144387590885,,167241,,1501822144,387590885,"""map""",,,1322.83954395,-1689.00878367,-6.63210740796,,0.0125821811053,-0.00057422587218,0.591045745041,0.806539699117
1501822144442598104,,167645,,1501822144,442598104,"""map""",,,1322.95312099,-1688.62956111,-6.6271026309,,0.012771435375,-0.00061843966714,0.590974692997,0.80658875532
1501822144492619991,,167885,,1501822144,492619991,"""map""",,,1323.05659728,-1688.28435422,-6.62076397728,,0.0128598517809,-0.000656453452144,0.590884116385,0.806653676794
1501822144542617082,,168313,,1501822144,542617082,"""map""",,,1323.15917466,-1687.9420993,-6.61803968454,,0.0127594322226,-0.000639588698421,0.590833954058,0.806692027076
1501822144592597007,,168709,,1501822144,592597007,"""map""",,,1323.26316772,-1687.59666336,-6.61095198908,,0.0126990948045,-0.000743931977339,0.590784013721,0.806729464373
1501822144642610073,,169064,,1501822144,642610073,"""map""",,,1323.36564962,-1687.2538896,-6.60432968056,,0.0126641722733,-0.000815758705585,0.590790571589,0.80672514142
1501822144692624092,,169388,,1501822144,692624092,"""map""",,,1323.47000776,-1686.90769497,-6.60053863321,,0.0126946900696,-0.000899291347544,0.590723982659,0.806773333986
1501822144737621068,,169777,,1501822144,737621068,"""map""",,,1323.56390444,-1686.59599506,-6.59511432917,,0.012832392125,-0.000947884149494,0.590627105395,0.806842025183
1501822144792617082,,170209,,1501822144,792617082,"""map""",,,1323.67672819,-1686.21787715,-6.59219033684,,0.0129302732428,-0.0010131221565,0.590527609467,0.806913207275
1501822144837629079,,170577,,1501822144,837629079,"""map""",,,1323.77078851,-1685.90566893,-6.58654298605,,0.013231438668,-0.0011364976378,0.590446101114,0.806967805481
1501822144892620086,,170961,,1501822144,892620086,"""map""",,,1323.88477716,-1685.52638699,-6.58006355831,,0.0134516646881,-0.00119731372963,0.590412500173,0.806988660885
1501822144942620992,,171327,,1501822144,942620992,"""map""",,,1323.98965317,-1685.17907821,-6.57636538489,,0.0135509892913,-0.00122640631555,0.590368840619,0.807018896088
1501822144992633104,,171625,,1501822144,992633104,"""map""",,,1324.09359145,-1684.83390747,-6.56959757022,,0.0136650853034,-0.00122234369242,0.590339810257,0.807038214551
1501822145042628049,,172051,,1501822145,42628049,"""map""",,,1324.19861478,-1684.48610905,-6.56189781439,,0.0136019699713,-0.00129641378135,0.590228712071,0.807120420489
1501822145092634916,,172400,,1501822145,92634916,"""map""",,,1324.30386565,-1684.13811437,-6.55865618394,,0.0135685957719,-0.00135783035701,0.590125947627,0.807196020458
1501822145142627954,,172838,,1501822145,142627954,"""map""",,,1324.40816511,-1683.79251066,-6.55138599807,,0.0136147619015,-0.00152329441101,0.590090990103,0.807220503476
1501822145192642927,,173253,,1501822145,192642927,"""map""",,,1324.51386823,-1683.44413296,-6.54493911469,,0.0137659088413,-0.00170257890925,0.590042481824,0.80725304002
1501822145232659101,,173635,,1501822145,232659101,"""map""",,,1324.59733773,-1683.16765072,-6.54230993022,,0.0138700772764,-0.00180983514896,0.590023264,0.807265070093
1501822145292655944,,174088,,1501822145,292655944,"""map""",,,1324.7241431,-1682.74912663,-6.5339834686,,0.0140718562483,-0.00196696299766,0.589897909929,0.807352816172
1501822145342672109,,174389,,1501822145,342672109,"""map""",,,1324.82988107,-1682.40007596,-6.52608375583,,0.0142100365359,-0.00207902802987,0.589766273995,0.807446279676
1501822145392662048,,174685,,1501822145,392662048,"""map""",,,1324.93458336,-1682.05359554,-6.52245235384,,0.0142595217181,-0.00210569020025,0.589699904453,0.807493810996
1501822145442660093,,175114,,1501822145,442660093,"""map""",,,1325.04069711,-1681.70454747,-6.51466373378,,0.0143392442482,-0.00220782772878,0.589633804437,0.807540394183
1501822145482665061,,175474,,1501822145,482665061,"""map""",,,1325.12464917,-1681.42824721,-6.50893716221,,0.014398292411,-0.00222878764729,0.589632632918,0.807540141343
1501822145542676925,,175954,,1501822145,542676925,"""map""",,,1325.25236625,-1681.00889861,-6.50266784719,,0.0144167562301,-0.00231694024029,0.589551119131,0.807599075568
1501822145592659950,,176339,,1501822145,592659950,"""map""",,,1325.35879825,-1680.65948638,-6.49493215431,,0.0143946019857,-0.00236463170716,0.589448423931,0.807674290464
1501822145622669935,,176589,,1501822145,622669935,"""map""",,,1325.42155516,-1680.45270486,-6.48947760824,,0.014399344088,-0.00247071880514,0.589394656612,0.807713125556
1501822145692662954,,177065,,1501822145,692662954,"""map""",,,1325.57087944,-1679.96309532,-6.4818701953,,0.0142914468895,-0.00254905622557,0.589206845937,0.807851811633
1501822145742695093,,177499,,1501822145,742695093,"""map""",,,1325.67691487,-1679.6163033,-6.47343824606,,0.0149062654523,-0.00250159229292,0.589126663216,0.807899325395
1501822145792676925,,177919,,1501822145,792676925,"""map""",,,1325.78384594,-1679.26646993,-6.46900482316,,0.015274238336,-0.002208586717,0.588989853096,0.807993052407
1501822145842691898,,178309,,1501822145,842691898,"""map""",,,1325.89062059,-1678.9161952,-6.46055885685,,0.0151149140521,-0.00217094531818,0.588795628453,0.808137695127
1501822145892690896,,178726,,1501822145,892690896,"""map""",,,1325.99674144,-1678.56781906,-6.45287337679,,0.0152503403576,-0.00213384048999,0.588722858208,0.808188264
1501822145942683935,,179143,,1501822145,942683935,"""map""",,,1326.1041878,-1678.21762432,-6.44744685167,,0.0154714279202,-0.00204395339403,0.588578017263,0.808289783906
1501822145987687110,,179460,,1501822145,987687110,"""map""",,,1326.20094347,-1677.90204235,-6.44047781013,,0.0150864678334,-0.00238774888177,0.588424365513,0.808407980672
1501822146042701959,,179901,,1501822146,42701959,"""map""",,,1326.31952827,-1677.51813518,-6.43099116205,,0.0149908703497,-0.00285900622748,0.588362834586,0.808453013333
1501822146092696905,,180272,,1501822146,92696905,"""map""",,,1326.42813643,-1677.16758619,-6.42595176614,,0.0153502583096,-0.0034499680537,0.588319121656,0.808475774767
1501822146142703056,,180672,,1501822146,142703056,"""map""",,,1326.53721533,-1676.8185894,-6.41677308958,,0.0157461666131,-0.00353621867058,0.588054296359,0.808660434254
1501822146192692995,,181064,,1501822146,192692995,"""map""",,,1326.64508378,-1676.46706186,-6.41214613705,,0.0158590027414,-0.00381854963643,0.587798531109,0.808842875679
1501822146242707967,,181487,,1501822146,242707967,"""map""",,,1326.75238154,-1676.11764123,-6.4037332388,,0.0162766941298,-0.00420542919425,0.587617554962,0.808964147966
1501822146292707920,,181900,,1501822146,292707920,"""map""",,,1326.86128315,-1675.76561115,-6.39583336869,,0.0167469657787,-0.00426762459266,0.587444153494,0.809080152422
1501822146312716960,,182074,,1501822146,312716960,"""map""",,,1326.90490686,-1675.62450661,-6.39260140648,,0.016746846283,-0.00425777343389,0.587351297263,0.809147618243
1501822146362719058,,182499,,1501822146,362719058,"""map""",,,1327.01308591,-1675.27421832,-6.38669130479,,0.0169526784945,-0.00461488849376,0.587241716477,0.809220906753
1501822146437724113,,183047,,1501822146,437724113,"""map""",,,1327.17847401,-1674.74334483,-6.36960959577,,0.0164769192588,-0.00462727639385,0.587012929359,0.809396639609
1501822146492722988,,183419,,1501822146,492722988,"""map""",,,1327.30103722,-1674.35525931,-6.36056075959,,0.0157935957314,-0.00455344062805,0.586739158496,0.809609157804
1501822146542721033,,183843,,1501822146,542721033,"""map""",,,1327.41232609,-1674.00021775,-6.34897564275,,0.0153669260579,-0.00462510062863,0.58657834334,0.809733482791
1501822146592717885,,184170,,1501822146,592717885,"""map""",,,1327.52411345,-1673.64446502,-6.33836905058,,0.0152242091818,-0.00470853527874,0.586448946404,0.809829418095
1501822146642731904,,184585,,1501822146,642731904,"""map""",,,1327.63680264,-1673.29066177,-6.3309641937,,0.0152064315233,-0.00478738572303,0.586279146375,0.809952225692
1501822146692734956,,185000,,1501822146,692734956,"""map""",,,1327.7490284,-1672.93344292,-6.32129711834,,0.0154094128316,-0.00481331693351,0.586092527355,0.810083286678
1501822146742741107,,185322,,1501822146,742741107,"""map""",,,1327.86026442,-1672.57842114,-6.31058929061,,0.0154208922292,-0.00481546126722,0.585909723069,0.810215282397
1501822146792745113,,185706,,1501822146,792745113,"""map""",,,1327.97306375,-1672.21950769,-6.3039035896,,0.0152888262543,-0.00479690228418,0.585685693467,0.810379855369
1501822146842745065,,186099,,1501822146,842745065,"""map""",,,1328.08545085,-1671.86312444,-6.29401836197,,0.0153056425977,-0.00489645282946,0.585558731004,0.810470687069
1501822146892761945,,186476,,1501822146,892761945,"""map""",,,1328.1996026,-1671.50282587,-6.28649836948,,0.0153300220017,-0.00486536061328,0.585463507605,0.810539203219
1501822146937753915,,186874,,1501822146,937753915,"""map""",,,1328.30257967,-1671.17793615,-6.27730900762,,0.015378529751,-0.00458377717114,0.585355232911,0.810618122862
1501822146992760896,,187293,,1501822146,992760896,"""map""",,,1328.4292162,-1670.78180577,-6.2651201627,,0.0152180333724,-0.00445295385423,0.585233957535,0.810709440928
1501822147042753934,,187732,,1501822147,42753934,"""map""",,,1328.54401541,-1670.41903433,-6.25784034676,,0.0144846393292,-0.00443540003009,0.585137542977,0.810792561787
1501822147092772006,,188055,,1501822147,92772006,"""map""",,,1328.66056317,-1670.05810676,-6.24681006075,,0.0144429736009,-0.00431052852166,0.585058471018,0.810851037705
1501822147142760992,,188453,,1501822147,142760992,"""map""",,,1328.77649671,-1669.69387438,-6.23663616682,,0.0143693400903,-0.00415594562773,0.585038818564,0.810867332524
1501822147192766904,,188872,,1501822147,192766904,"""map""",,,1328.89281095,-1669.32861497,-6.22846916519,,0.0146195320046,-0.00435796655789,0.585106689483,0.810812826325
1501822147242788076,,189261,,1501822147,242788076,"""map""",,,1329.00980309,-1668.96458137,-6.21825167572,,0.014882549249,-0.00446247764127,0.584984269661,0.810895801117
1501822147292782068,,189579,,1501822147,292782068,"""map""",,,1329.12597277,-1668.59763609,-6.21127694794,,0.0152979929569,-0.00461335238936,0.584864866529,0.81097335116
1501822147337774991,,189981,,1501822147,337774991,"""map""",,,1329.2312553,-1668.2686291,-6.2025540393,,0.0155020887046,-0.00472380512928,0.584677628009,0.811103841821
1501822147392790079,,190409,,1501822147,392790079,"""map""",,,1329.36008445,-1667.86303138,-6.19173552062,,0.0156337065847,-0.00504539368816,0.5846206227,0.811140467943
1501822147442778110,,190805,,1501822147,442778110,"""map""",,,1329.47814768,-1667.49405812,-6.18638092302,,0.0160779741766,-0.00535297305529,0.584676661076,0.811089419496
1501822147492774963,,191203,,1501822147,492774963,"""map""",,,1329.59505936,-1667.12595404,-6.17479415899,,0.0158308842988,-0.0046836126539,0.584616862226,0.81114152358
1501822147537820100,,191602,,1501822147,537820100,"""map""",,,1329.7016181,-1666.79125427,-6.16459994976,,0.015925445052,-0.00460060039726,0.584619608628,0.811138168183
1501822147592782974,,192031,,1501822147,592782974,"""map""",,,1329.83187319,-1666.38172409,-6.15422512744,,0.0155798461346,-0.00453194302886,0.584529740942,0.811210029426
1501822147642802000,,192461,,1501822147,642802000,"""map""",,,1329.95174934,-1666.01119026,-6.14258253453,,0.0152214229878,-0.00453873047181,0.584412837576,0.811301019033
1501822147692789077,,192792,,1501822147,692789077,"""map""",,,1330.07224133,-1665.64016192,-6.13362779549,,0.0151014429717,-0.004795593977,0.584494370804,0.811243045701
1501822147742805004,,193226,,1501822147,742805004,"""map""",,,1330.19244652,-1665.26521197,-6.12248683363,,0.0152636350066,-0.00500382429636,0.584552328325,0.811196991266
1501822147777800083,,193393,,1501822147,777800083,"""map""",,,1330.27641198,-1665.00217441,-6.11431169733,,0.0153559630522,-0.00513579670765,0.584541456756,0.811202257963
1501822147847805976,,193836,,1501822147,847805976,"""map""",,,1330.44406916,-1664.47467183,-6.10462346863,,0.0160288072727,-0.00551496375974,0.584427501541,0.811268856763
1501822147892802953,,194225,,1501822147,892802953,"""map""",,,1330.55215866,-1664.13817889,-6.0947384469,,0.0160940146256,-0.00555914486104,0.584395508915,0.811290310408
1501822147942806959,,194520,,1501822147,942806959,"""map""",,,1330.67313369,-1663.75940752,-6.08706526524,,0.0163398309626,-0.00557077422733,0.584465824542,0.811234661699
1501822147982819080,,194808,,1501822147,982819080,"""map""",,,1330.7701716,-1663.45843815,-6.0770027169,,0.0163281499033,-0.00552014987857,0.584514769549,0.811199977592
1501822148042813062,,195241,,1501822148,42813062,"""map""",,,1330.91600705,-1663.00164522,-6.0621316279,,0.0162171809232,-0.00534185250325,0.584542821729,0.811183183517
1501822148092819929,,195667,,1501822148,92819929,"""map""",,,1331.0376705,-1662.62280441,-6.05234477913,,0.0161870898685,-0.00522711714578,0.584526882098,0.81119601791
1501822148147819995,,195999,,1501822148,147819995,"""map""",,,1331.17180621,-1662.20175974,-6.03908290238,,0.0160387352369,-0.00497868816872,0.584537925131,0.811192570059
1501822148197830915,,196361,,1501822148,197830915,"""map""",,,1331.29432665,-1661.81792098,-6.02992535365,,0.016094457298,-0.00490184153402,0.584582291112,0.811159962839
1501822148247836112,,196796,,1501822148,247836112,"""map""",,,1331.41704452,-1661.4377547,-6.01871096528,,0.0161972557115,-0.00494900361495,0.584635167959,0.811119520574
1501822148292828083,,197187,,1501822148,292828083,"""map""",,,1331.5276201,-1661.09086748,-6.0077302947,,0.0162975402569,-0.00520778116151,0.584676728626,0.811085933918
1501822148347836017,,197621,,1501822148,347836017,"""map""",,,1331.66303135,-1660.66939239,-5.99794190241,,0.0161975007157,-0.00532966211299,0.584691498791,0.811076498805
1501822148382828950,,197916,,1501822148,382828950,"""map""",,,1331.7493981,-1660.39827471,-5.98870593186,,0.0161614528868,-0.00529459369914,0.584707189811,0.81106613596
1501822148442853927,,198335,,1501822148,442853927,"""map""",,,1331.89795299,-1659.93218288,-5.97750164235,,0.0162603171314,-0.00500753646036,0.584780232851,0.811013320441
1501822148497839927,,198746,,1501822148,497839927,"""map""",,,1332.03394885,-1659.50805945,-5.96506000129,,0.0164013493358,-0.00515414443247,0.584829946723,0.810973713477
1501822148547854900,,199161,,1501822148,547854900,"""map""",,,1332.1582158,-1659.11772232,-5.95353816853,,0.0164466671567,-0.00509235716426,0.584887570137,0.810931628028
1501822148597856044,,199573,,1501822148,597856044,"""map""",,,1332.28254006,-1658.73036834,-5.94317933964,,0.0164139374462,-0.00496789117638,0.584893153899,0.810929035882
1501822148647856950,,199961,,1501822148,647856950,"""map""",,,1332.40719595,-1658.33835277,-5.93090361182,,0.016256336554,-0.00491619353356,0.584925920506,0.810908891358
1501822148697859048,,200376,,1501822148,697859048,"""map""",,,1332.53214479,-1657.94567655,-5.92138447367,,0.0161402208584,-0.00501793314066,0.584988323161,0.810865571709
1501822148747864961,,200791,,1501822148,747864961,"""map""",,,1332.65741503,-1657.55521019,-5.90960026246,,0.0161793097405,-0.00508526367521,0.585029835547,0.810834423017
1501822148792866945,,201113,,1501822148,792866945,"""map""",,,1332.77037404,-1657.20049257,-5.89832213848,,0.0164629138034,-0.00504730281808,0.585083069346,0.810790539639
1501822148847862005,,201574,,1501822148,847862005,"""map""",,,1332.90814957,-1656.76905946,-5.88896577027,,0.0164872061803,-0.00511444493981,0.58506193906,0.810804872918
1501822148897862911,,201962,,1501822148,897862911,"""map""",,,1333.0337431,-1656.37334695,-5.87689387172,,0.0165287388637,-0.00529641261,0.585092361539,0.810780905839
1501822148947870016,,202324,,1501822148,947870016,"""map""",,,1333.15987011,-1655.97694502,-5.8648325032,,0.0165689424496,-0.00519314844071,0.585159369862,0.810732393098
1501822148997875928,,202687,,1501822148,997875928,"""map""",,,1333.2848489,-1655.58261016,-5.85537276294,,0.0164708421982,-0.00493974915262,0.585262227586,0.810661726737
1501822149047875881,,203100,,1501822149,47875881,"""map""",,,1333.41129769,-1655.18495881,-5.84330641059,,0.0166356659579,-0.00483701610457,0.585343638606,0.810600199011
1501822149102869987,,203542,,1501822149,102869987,"""map""",,,1333.548075,-1654.74944833,-5.83297412221,,0.0163421732691,-0.00487114616027,0.585392400561,0.810570751183
1501822149147891044,,203897,,1501822149,147891044,"""map""",,,1333.66203977,-1654.39023974,-5.82143399544,,0.0163310344171,-0.00499558480231,0.585393278361,0.810569584364
1501822149197889089,,204257,,1501822149,197889089,"""map""",,,1333.78677114,-1653.99438686,-5.80921597213,,0.0161886087659,-0.00505975925846,0.58551740505,0.810482384858
1501822149252886056,,204674,,1501822149,252886056,"""map""",,,1333.92657571,-1653.55448,-5.79783456382,,0.0163130254425,-0.00507359523394,0.58561513448,0.810409191767
1501822149292903900,,205008,,1501822149,292903900,"""map""",,,1334.02822493,-1653.23393942,-5.7883990062,,0.0163777709845,-0.00502096002395,0.5856481893,0.810384326692
1501822149352880001,,205388,,1501822149,352880001,"""map""",,,1334.18022158,-1652.75616339,-5.77752605324,,0.0167390665248,-0.00518029823561,0.585656521736,0.810369919673
1501822149402894020,,205816,,1501822149,402894020,"""map""",,,1334.3071757,-1652.3543679,-5.76580181278,,0.0165937522781,-0.00514583090675,0.585687146035,0.810350994803
1501822149452913045,,206234,,1501822149,452913045,"""map""",,,1334.43454822,-1651.95538844,-5.75629052904,,0.0165543145171,-0.00497174635787,0.58575858916,0.810301247459
1501822149502904891,,206661,,1501822149,502904891,"""map""",,,1334.5621621,-1651.55294473,-5.74396772539,,0.0165183604365,-0.00478204464701,0.585896058932,0.810203729901
1501822149547941923,,207046,,1501822149,547941923,"""map""",,,1334.67707837,-1651.19012846,-5.73243345534,,0.0165492756037,-0.00456799815269,0.585963623611,0.810155470681
1501822149602900981,,207479,,1501822149,602900981,"""map""",,,1334.81497544,-1650.7493939,-5.72237573749,,0.0164059626711,-0.00428746460111,0.586056650242,0.810092627261
1501822149652906894,,207884,,1501822149,652906894,"""map""",,,1334.9423653,-1650.34551146,-5.70979624355,,0.0164470694495,-0.00420370021124,0.586070245836,0.810082396894
1501822149702922105,,208311,,1501822149,702922105,"""map""",,,1335.06997637,-1649.94278682,-5.70147653336,,0.0164945718708,-0.00434686520296,0.586151295759,0.81002203201
1501822149752918004,,208754,,1501822149,752918004,"""map""",,,1335.19774343,-1649.53859957,-5.68944515356,,0.0167497713839,-0.00448824744185,0.586219234097,0.809966857574
1501822149797935962,,209150,,1501822149,797935962,"""map""",,,1335.31062269,-1649.17709938,-5.67927444486,,0.0169237587618,-0.004520807247,0.58632054008,0.809889728896
1501822149852932929,,209544,,1501822149,852932929,"""map""",,,1335.45081283,-1648.7316481,-5.66904854871,,0.0169038876698,-0.00452940016383,0.586314387902,0.809894549713
1501822149902915954,,209946,,1501822149,902915954,"""map""",,,1335.57841469,-1648.32655247,-5.65818367816,,0.0171280310855,-0.00440514303794,0.586301102259,0.809900143694
1501822149952924013,,210328,,1501822149,952924013,"""map""",,,1335.70621471,-1647.92086812,-5.64907838564,,0.0172322374942,-0.00408931604356,0.586272185076,0.80992052233
1501822149997948884,,210698,,1501822149,997948884,"""map""",,,1335.82010093,-1647.55808746,-5.63799738502,,0.0171210742549,-0.00363814838954,0.586290208917,0.809911985108
1501822150052947998,,211125,,1501822150,52947998,"""map""",,,1335.95809819,-1647.1163023,-5.62654265404,,0.0165974132654,-0.00311099931748,0.586282153085,0.80993091343
1501822150102953910,,211507,,1501822150,102953910,"""map""",,,1336.08632151,-1646.70957333,-5.6145938697,,0.016500630267,-0.00304140662297,0.586209206516,0.809985953732
1501822150152940988,,211910,,1501822150,152940988,"""map""",,,1336.21465751,-1646.30272353,-5.60248443008,,0.0163014385396,-0.00332506583729,0.586155033203,0.810028076112
1501822150202946901,,212297,,1501822150,202946901,"""map""",,,1336.34200928,-1645.9003346,-5.59471485686,,0.0163740187865,-0.00361050348109,0.586139400502,0.810036702225
1501822150252950906,,212652,,1501822150,252950906,"""map""",,,1336.47119252,-1645.49242935,-5.58296609691,,0.0166173455794,-0.003776124074,0.586119270662,0.810045557528
1501822150302952051,,213083,,1501822150,302952051,"""map""",,,1336.59868608,-1645.08844206,-5.57553702382,,0.0169024824207,-0.00383424945115,0.585991461187,0.81013184855
